-- phpMyAdmin SQL Dump
-- version 5.2.1
-- https://www.phpmyadmin.net/
--
-- Hôte : 127.0.0.1
-- Généré le : jeu. 19 fév. 2026 à 23:42
-- Version du serveur : 10.4.32-MariaDB
-- Version de PHP : 8.2.12

SET SQL_MODE = "NO_AUTO_VALUE_ON_ZERO";
START TRANSACTION;
SET time_zone = "+00:00";


/*!40101 SET @OLD_CHARACTER_SET_CLIENT=@@CHARACTER_SET_CLIENT */;
/*!40101 SET @OLD_CHARACTER_SET_RESULTS=@@CHARACTER_SET_RESULTS */;
/*!40101 SET @OLD_COLLATION_CONNECTION=@@COLLATION_CONNECTION */;
/*!40101 SET NAMES utf8mb4 */;

--
-- Base de données : `viteetgourmand23_bdd`
--

-- --------------------------------------------------------

--
-- Structure de la table `allergene`
--

CREATE TABLE `allergene` (
  `Allergene_Id` int(11) NOT NULL,
  `Nom` varchar(50) DEFAULT NULL
) ENGINE=InnoDB DEFAULT CHARSET=utf8mb4 COLLATE=utf8mb4_general_ci;

--
-- Déchargement des données de la table `allergene`
--

INSERT INTO `allergene` (`Allergene_Id`, `Nom`) VALUES
(1, 'Noix de cajoux'),
(2, 'Oeuf'),
(3, 'Lait'),
(4, 'Soja'),
(5, 'Gluten');

-- --------------------------------------------------------

--
-- Structure de la table `avis`
--

CREATE TABLE `avis` (
  `Avis_Id` int(11) NOT NULL,
  `Commentaire` varchar(255) DEFAULT NULL,
  `Note` int(11) NOT NULL,
  `Statut` enum('Rejeté','En attente de validation','Validé') NOT NULL,
  `Soumis_par` int(11) NOT NULL,
  `Valide_refuse_par` int(11) DEFAULT NULL,
  `Commande` int(11) NOT NULL
) ENGINE=InnoDB DEFAULT CHARSET=utf8mb4 COLLATE=utf8mb4_general_ci;

--
-- Déchargement des données de la table `avis`
--

INSERT INTO `avis` (`Avis_Id`, `Commentaire`, `Note`, `Statut`, `Soumis_par`, `Valide_refuse_par`, `Commande`) VALUES
(1, 'C\'est vraiment super délicieux!!!', 5, 'Validé', 2, 1, 1),
(2, 'ljhkuhliugyouyguky', 4, 'Validé', 2, 1, 1),
(3, 'igyfvjytfjytfdjytf', 3, 'Validé', 2, 1, 1),
(9, 'SUPER', 4, 'En attente de validation', 2, 3, 31),
(10, 'PAS OK', 1, 'Validé', 2, 1, 32),
(11, 'KK', 5, 'Rejeté', 2, 1, 26);

-- --------------------------------------------------------

--
-- Structure de la table `commande`
--

CREATE TABLE `commande` (
  `Numero_commande` int(11) NOT NULL,
  `Nombre_personne` int(11) NOT NULL,
  `Date_commande` date NOT NULL,
  `Date_Heure_livraison` datetime NOT NULL,
  `Prix_commande` decimal(10,2) NOT NULL,
  `Prix_livraison` double(10,2) NOT NULL,
  `Statut` enum('Commandé','Validé','En cours de préparation','Expédié','Annulé','Terminé','En attente de retour matériel') NOT NULL,
  `Pret_materiel` tinyint(1) DEFAULT 0,
  `Restitution_materiel` tinyint(1) DEFAULT 0,
  `Utilisateur_Id` int(11) NOT NULL,
  `Menu_Id` int(11) NOT NULL,
  `Entree_Id` int(11) NOT NULL,
  `Plat_Id` int(11) NOT NULL,
  `Dessert_Id` int(11) NOT NULL,
  `Adresse_livraison` text NOT NULL,
  `Reduction` decimal(10,2) NOT NULL,
  `Prix_totale` decimal(10,2) NOT NULL,
  `Prix_distance_livraison` decimal(10,2) NOT NULL
) ENGINE=InnoDB DEFAULT CHARSET=utf8mb4 COLLATE=utf8mb4_general_ci;

--
-- Déchargement des données de la table `commande`
--

INSERT INTO `commande` (`Numero_commande`, `Nombre_personne`, `Date_commande`, `Date_Heure_livraison`, `Prix_commande`, `Prix_livraison`, `Statut`, `Pret_materiel`, `Restitution_materiel`, `Utilisateur_Id`, `Menu_Id`, `Entree_Id`, `Plat_Id`, `Dessert_Id`, `Adresse_livraison`, `Reduction`, `Prix_totale`, `Prix_distance_livraison`) VALUES
(1, 6, '2026-01-14', '2026-01-14 11:30:29', 60.00, 5.00, 'Commandé', 1, 0, 2, 1, 6, 12, 16, '33 rue de la liberation pontault combault 77340', 0.00, 165.00, 100.00),
(7, 10, '2026-02-10', '2026-02-28 15:20:00', 100.00, 5.00, 'Commandé', 0, 0, 2, 1, 6, 12, 16, 'Rue (La) 22830 Plouasne', 10.00, 356.28, 290.87),
(8, 3, '2026-02-10', '2026-02-14 10:29:00', 30.00, 5.00, 'Commandé', 0, 0, 2, 1, 6, 12, 16, '25 Rue Lecourbe 75015 Paris', 0.00, 376.02, 341.02),
(9, 3, '2026-02-10', '2026-02-14 10:29:00', 30.00, 5.00, 'Annulé', 0, 0, 2, 1, 6, 12, 16, '25 Rue Lecourbe 75015 Paris', 0.00, 376.02, 341.02),
(10, 3, '2026-02-10', '2026-02-14 10:29:00', 30.00, 5.00, 'Commandé', 0, 0, 2, 1, 6, 12, 16, '25 Rue Lecourbe 75015 Paris', 0.00, 376.02, 341.02),
(11, 3, '2026-02-10', '2026-02-19 10:57:00', 30.00, 5.00, 'Commandé', 0, 0, 2, 1, 6, 12, 16, 'Rue de L 62270 Rebreuve-sur-Canche', 0.00, 495.20, 460.20),
(12, 3, '2026-02-10', '2026-02-19 10:57:00', 30.00, 5.00, 'Validé', 0, 0, 2, 1, 6, 12, 16, 'Rue de L 62270 Rebreuve-sur-Canche', 0.00, 495.20, 460.20),
(13, 3, '2026-02-10', '2026-02-07 18:09:00', 30.00, 5.00, 'Commandé', 0, 0, 2, 1, 6, 12, 16, '25 Rue Lecourbe 75015 Paris', 0.00, 376.02, 341.02),
(14, 3, '2026-02-10', '2026-02-07 18:09:00', 30.00, 5.00, 'Commandé', 0, 0, 2, 1, 6, 12, 16, '25 Rue Lecourbe 75015 Paris', 0.00, 376.02, 341.02),
(15, 3, '2026-02-12', '2026-02-20 15:56:00', 30.00, 0.00, 'Commandé', 0, 0, 2, 1, 6, 12, 16, '25 Rue Judaïque 33000 Bordeaux', 0.00, 30.00, 0.00),
(16, 3, '2026-02-12', '2026-02-27 16:09:00', 30.00, 5.00, 'Terminé', 0, 0, 2, 1, 6, 12, 16, 'Rue 53210 Argentré', 0.00, 338.85, 303.85),
(17, 3, '2026-02-12', '2026-02-27 16:09:00', 30.00, 5.00, 'Commandé', 0, 0, 2, 1, 6, 12, 16, 'Rue 53210 Argentré', 0.00, 338.85, 303.85),
(18, 3, '2026-02-12', '2026-02-20 16:11:00', 30.00, 0.00, 'Commandé', 0, 0, 2, 1, 6, 12, 16, 'Rue 28190 Landelles', 0.00, 30.00, 0.00),
(19, 6, '2026-02-12', '2026-03-06 17:38:00', 60.00, 5.00, 'Commandé', 0, 0, 2, 1, 1, 17, 16, 'Rouès 04270 Saint-Jeannet', 0.00, 429.62, 364.62),
(20, 10, '2026-02-12', '2026-02-26 22:41:00', 30.00, 5.00, 'Validé', 1, 1, 2, 1, 1, 12, 16, 'Rue Jarry 75010 Paris', 0.00, 377.20, 342.20),
(21, 3, '2026-02-12', '2026-02-28 16:58:00', 30.00, 0.00, 'Commandé', 0, 0, 2, 1, 6, 12, 16, 'Rue 67130 Wisches', 0.00, 30.00, 0.00),
(22, 3, '2026-02-12', '2026-02-28 16:58:00', 30.00, 0.00, 'Annulé', 0, 0, 2, 1, 6, 12, 16, 'Rue 67130 Wisches', 0.00, 30.00, 0.00),
(23, 2, '2026-02-12', '2026-02-14 17:02:00', 24.00, 5.00, 'Commandé', 0, 0, 2, 4, 1, 11, 14, 'Essert', 0.00, 508.67, 479.67),
(24, 3, '2026-02-12', '2026-02-21 17:14:00', 30.00, 0.00, 'Expédié', 0, 0, 2, 1, 6, 12, 16, '25 Rue Pasteur 33200 Bordeaux', 0.00, 30.00, 0.00),
(25, 2, '2026-02-12', '2026-02-21 17:34:00', 24.00, 5.00, 'Commandé', 0, 0, 2, 4, 1, 11, 14, 'Rue 28190 Landelles', 0.00, 348.78, 319.78),
(26, 2, '2026-02-12', '2026-03-06 21:39:00', 24.00, 5.00, 'Terminé', 0, 0, 2, 4, 1, 11, 14, 'Rue', 0.00, 488.61, 459.61),
(27, 2, '2026-02-12', '2026-02-24 22:15:00', 24.00, 5.00, 'Commandé', 0, 0, 2, 4, 1, 11, 14, 'Rurutu', 0.00, 29.00, 0.00),
(28, 2, '2026-02-16', '2026-02-25 16:30:00', 24.00, 5.00, 'Terminé', 0, 0, 2, 4, 1, 11, 14, 'Rue d&#039;Alésia 75014 Paris', 0.00, 368.25, 339.25),
(29, 2, '2026-02-16', '2026-02-28 11:38:00', 24.00, 5.00, 'Commandé', 0, 0, 2, 4, 1, 11, 14, '26 Rue 67130 Wisches', 0.00, 597.17, 568.17),
(30, 2, '2026-02-16', '2026-02-28 11:38:00', 24.00, 0.00, 'Commandé', 0, 0, 2, 4, 1, 11, 14, '26 Rue 67130 Wisches', 0.00, 24.00, 0.00),
(31, 8, '2026-02-17', '2026-03-28 23:00:00', 96.00, 5.00, 'Terminé', 0, 0, 2, 4, 1, 11, 14, '29 Rue Lecourbe 75015 Paris', 10.00, 397.82, 341.02),
(32, 6, '2026-02-17', '2026-02-25 16:37:00', 60.00, 5.00, 'Terminé', 1, 1, 2, 1, 6, 12, 16, 'Rue 53210 Argentré', 0.00, 369.44, 304.44),
(33, 4, '2026-02-17', '2026-02-28 22:29:00', 40.00, 5.00, 'Annulé', 0, 0, 2, 1, 6, 12, 16, 'Rue', 0.00, 504.61, 459.61),
(34, 4, '2026-02-17', '2026-02-27 19:06:00', 40.00, 0.00, 'Commandé', 0, 0, 2, 1, 6, 12, 16, '25 Rue Pasteur 33200 Bordeaux', 0.00, 40.00, 0.00);

-- --------------------------------------------------------

--
-- Structure de la table `composition`
--

CREATE TABLE `composition` (
  `Menu_Id` int(11) DEFAULT NULL,
  `Produit_Id` int(11) DEFAULT NULL
) ENGINE=InnoDB DEFAULT CHARSET=utf8mb4 COLLATE=utf8mb4_general_ci;

--
-- Déchargement des données de la table `composition`
--

INSERT INTO `composition` (`Menu_Id`, `Produit_Id`) VALUES
(4, 11),
(4, 1),
(4, 2),
(4, 14),
(4, 15),
(6, 3),
(6, 4),
(6, 12),
(6, 13),
(6, 17),
(6, 15),
(6, 16),
(1, 1),
(1, 6),
(1, 12),
(1, 17),
(1, 16);

-- --------------------------------------------------------

--
-- Structure de la table `horaire`
--

CREATE TABLE `horaire` (
  `Horaire_Id` int(11) NOT NULL,
  `Jour` varchar(10) DEFAULT NULL,
  `Heure_ouverture` time DEFAULT NULL,
  `Heure_fermeture` time DEFAULT NULL
) ENGINE=InnoDB DEFAULT CHARSET=utf8mb4 COLLATE=utf8mb4_general_ci;

--
-- Déchargement des données de la table `horaire`
--

INSERT INTO `horaire` (`Horaire_Id`, `Jour`, `Heure_ouverture`, `Heure_fermeture`) VALUES
(1, 'Lundi', '10:00:00', '23:00:00'),
(2, 'Mardi', '09:00:00', '23:00:00'),
(3, 'Mercredi', '09:00:00', '23:00:00'),
(4, 'Jeudi', '09:00:00', '23:00:00'),
(5, 'Vendredi', '09:00:00', '23:00:00'),
(6, 'Samedi', '09:00:00', '23:00:00'),
(7, 'Dimanche', '09:00:00', '22:00:00');

-- --------------------------------------------------------

--
-- Structure de la table `menu`
--

CREATE TABLE `menu` (
  `Menu_Id` int(11) NOT NULL,
  `Nom` varchar(50) DEFAULT NULL,
  `Nombre_personne_minimum` int(11) DEFAULT NULL,
  `Prix_par_personne` double DEFAULT NULL,
  `Regime` enum('Classique','Vegan','Végétarien','') DEFAULT NULL,
  `Theme` enum('Noël','Pâques','Classique','Evénement') DEFAULT NULL,
  `Description` varchar(255) DEFAULT NULL,
  `Quantite_restante` int(11) DEFAULT NULL,
  `Conditions` varchar(255) DEFAULT NULL
) ENGINE=InnoDB DEFAULT CHARSET=utf8mb4 COLLATE=utf8mb4_general_ci;

--
-- Déchargement des données de la table `menu`
--

INSERT INTO `menu` (`Menu_Id`, `Nom`, `Nombre_personne_minimum`, `Prix_par_personne`, `Regime`, `Theme`, `Description`, `Quantite_restante`, `Conditions`) VALUES
(1, 'Menu Gourmand', 1, 11, 'Végétarien', 'Evénement', 'Menu très gourmand !!', 11, 'Commander 8 jours avant !'),
(2, 'Menu Enfant', 4, 15.99, 'Vegan', 'Evénement', 'ydhzvdsJHVXUUG HJDBZHDB ', 10, 'YUTFJGVHBJH IHYGYGYUHVG'),
(3, 'Pizza', 2, 19.99, 'Végétarien', 'Classique', 'jghjhjvgj', 10, 'hgchgcjg'),
(4, 'Burger et Frites', 2, 12.99, 'Classique', 'Pâques', 'bhjvjhvvhjv', 4, 'hujguygyuyfuyyf\r\n'),
(6, 'Menu Spécial', 3, 5, 'Végétarien', 'Pâques', 'Orientale', 6, 'Commande 5 jours avant.');

-- --------------------------------------------------------

--
-- Structure de la table `nouveau_mot_de_passe`
--

CREATE TABLE `nouveau_mot_de_passe` (
  `Id` int(11) NOT NULL,
  `Token` text DEFAULT NULL,
  `Date_Expiration` date NOT NULL,
  `Utilisateur_Id` int(11) NOT NULL
) ENGINE=InnoDB DEFAULT CHARSET=utf8mb4 COLLATE=utf8mb4_general_ci;

-- --------------------------------------------------------

--
-- Structure de la table `produit`
--

CREATE TABLE `produit` (
  `Produit_Id` int(11) NOT NULL,
  `Nom` varchar(50) NOT NULL,
  `Type` enum('Entrée','Plat','Dessert') NOT NULL,
  `Photo` varchar(255) DEFAULT NULL
) ENGINE=InnoDB DEFAULT CHARSET=utf8mb4 COLLATE=utf8mb4_general_ci;

--
-- Déchargement des données de la table `produit`
--

INSERT INTO `produit` (`Produit_Id`, `Nom`, `Type`, `Photo`) VALUES
(1, 'Frites', 'Entrée', ''),
(2, 'Onion rings', 'Entrée', ''),
(3, 'Nems', 'Entrée', NULL),
(4, 'Samosa', 'Entrée', NULL),
(5, 'Rolls', 'Entrée', NULL),
(6, 'Nuggets', 'Entrée', NULL),
(7, 'Margarita', 'Plat', NULL),
(8, 'Orientale', 'Plat', NULL),
(9, 'Nevada', 'Plat', NULL),
(10, 'Mini Burger', 'Plat', NULL),
(11, 'Burger', 'Plat', NULL),
(12, 'Spaghetti  Bolognaise', 'Plat', NULL),
(13, 'Pasta Arrabiata', 'Plat', NULL),
(14, 'Tiramisu', 'Dessert', NULL),
(15, 'Glace Chocolat', 'Dessert', NULL),
(16, 'Brownie', 'Dessert', NULL),
(17, 'Briyani Poulet', 'Plat', NULL);

-- --------------------------------------------------------

--
-- Structure de la table `produit_allergene`
--

CREATE TABLE `produit_allergene` (
  `Produit_Id` int(11) DEFAULT NULL,
  `Allergene_Id` int(11) DEFAULT NULL
) ENGINE=InnoDB DEFAULT CHARSET=utf8mb4 COLLATE=utf8mb4_general_ci;

--
-- Déchargement des données de la table `produit_allergene`
--

INSERT INTO `produit_allergene` (`Produit_Id`, `Allergene_Id`) VALUES
(17, 1),
(11, 5),
(3, 4),
(15, 3),
(10, 5),
(14, 3);

-- --------------------------------------------------------

--
-- Structure de la table `suivi`
--

CREATE TABLE `suivi` (
  `Suivi_Id` int(11) NOT NULL,
  `Date` datetime NOT NULL,
  `Statut` enum('Commandé','Validé','En cours de préparation','Expédié','Terminé','En attente de retour matériel','Annulé') NOT NULL,
  `Numero_commande` int(11) NOT NULL
) ENGINE=InnoDB DEFAULT CHARSET=utf8mb4 COLLATE=utf8mb4_general_ci;

--
-- Déchargement des données de la table `suivi`
--

INSERT INTO `suivi` (`Suivi_Id`, `Date`, `Statut`, `Numero_commande`) VALUES
(1, '2026-02-17 16:37:29', 'Commandé', 32),
(2, '2026-02-17 16:56:05', 'Validé', 32),
(3, '2026-02-17 16:56:21', 'En cours de préparation', 32),
(4, '2026-02-17 16:56:33', 'Expédié', 32),
(7, '2026-02-17 17:22:55', 'En attente de retour matériel', 32),
(8, '2026-02-17 17:23:21', 'Terminé', 32),
(9, '2026-02-17 17:24:46', 'Validé', 31),
(10, '2026-02-17 17:24:56', 'En cours de préparation', 31),
(11, '2026-02-17 17:25:03', 'Expédié', 31),
(12, '2026-02-17 17:25:11', 'Terminé', 31),
(13, '2026-02-17 17:29:20', 'Commandé', 33),
(14, '2026-02-17 17:33:13', 'Annulé', 33),
(15, '2026-02-17 19:06:22', 'Commandé', 34),
(16, '2026-02-17 17:24:46', 'Commandé', 31),
(17, '2026-02-18 23:25:42', 'Validé', 16),
(18, '2026-02-10 23:27:27', 'Commandé', 16),
(20, '2026-02-18 23:33:31', 'En cours de préparation', 16),
(21, '2026-02-18 23:33:50', 'Expédié', 16),
(22, '2026-02-18 23:36:26', 'Terminé', 16),
(23, '2026-02-18 23:40:12', 'Commandé', 24),
(31, '2026-02-19 00:14:30', 'Validé', 24),
(32, '2026-02-19 00:14:38', 'En cours de préparation', 24),
(33, '2026-02-19 00:15:00', 'Expédié', 24),
(34, '2026-02-19 02:58:56', 'Validé', 12);

-- --------------------------------------------------------

--
-- Structure de la table `utilisateur`
--

CREATE TABLE `utilisateur` (
  `Utilisateur_Id` int(11) NOT NULL,
  `Pseudo` varchar(50) NOT NULL,
  `Nom` varchar(50) NOT NULL,
  `Prenom` varchar(50) NOT NULL,
  `Email` varchar(50) NOT NULL,
  `Telephone` varchar(50) NOT NULL,
  `Password` varchar(250) NOT NULL,
  `Photo` mediumblob DEFAULT NULL,
  `Adresse` varchar(50) NOT NULL,
  `Ville` varchar(50) NOT NULL,
  `Code_postale` varchar(7) NOT NULL,
  `Date_naissance` date DEFAULT NULL,
  `Statut` enum('Actif','Inactif','Suspendu') NOT NULL,
  `Role` enum('Client','Employé','Administrateur') NOT NULL
) ENGINE=InnoDB DEFAULT CHARSET=utf8mb4 COLLATE=utf8mb4_general_ci;

--
-- Déchargement des données de la table `utilisateur`
--

INSERT INTO `utilisateur` (`Utilisateur_Id`, `Pseudo`, `Nom`, `Prenom`, `Email`, `Telephone`, `Password`, `Photo`, `Adresse`, `Ville`, `Code_postale`, `Date_naissance`, `Statut`, `Role`) VALUES
(1, 'Martin', 'Martin', 'Jean', 'ferno6randy@gmail.com', '0600000000', '$2y$10$Ja5yEahc2vZJHOES2igHW.FMJR0.yLIsGmkkJJvyNjG7ANZVFl9PK', 0x89504e470d0a1a0a0000000d4948445200000200000002000806000000f478d4fa0000000473424954080808087c086488000000097048597300000ec400000ec401952b0e1b0000001974455874536f667477617265007777772e696e6b73636170652e6f72679bee3c1a0000127449444154789ceddd6bac65775dc6f1673a53b0cc744a41108295a8a16d22226da91451d21a2e2212ee14aaa5f282c44b7ca13186c4c4f846489098202a1012050a06b450885154904b53142897820ad3423046909b85d22945da4ec717eb2492163a9dd97b9fff5eebf97c927f7ad249e6fcce9cecb5be7badb5d7da13d88c8349ce4c725692b377be3e23c98124fb939cbef3df7b8d1a10b6c0ad49be99e4eb496edef9fabf925c97e45092eb77d64da30664b9f68c1e80c5d89fe431491ebfb3ce4972d2d08960393e97e4dd3beb5d496e1c3b0e4b200058c569499e93e4d2243f9564dfd871a0c2ed49ae4e7279922be2e80027480070bcf624795292cb923c2dc92963c7816adf4af2f6246f48f20f498e8e1d0758a293923c35c947326d642ccbdaaef5af495e1047e2b8871c01e058f6667ab7ffe2240f1b3c0b706cd7277969a653044706cfc2161300dc9df392bc2ac9f9a307018edbb5497e2dc9bf8c1e84ede42a6dbe9bd393bc22c98763e70f73f5c8241fc8747dc00306cfc2167204803b7b6a923f4ff2fda30701d6e6ab495e98e46f470fc2f6d83b7a00b6c6be24bf97e990fffec1b300ebb53fc9f393dc2fc97be2da00e208009387267973920b460f026cdc3f27795ea63b0e524c00705e92bf4bf2c0d18300bbe6cb499e9ce4e3a307611c170176bb30d3e1403b7fe8f20349ae4af2c4d183308e00e8f5f424efccf4d01ea0cf81247f93e4b9a307610c1701767a7692bf8a27f141bbbd499e99e4df937c7af02cec32d700f4b928d33bff7b8f1e04d81ab726f9854c4f1aa48400e8f28824ef4f72dfd183005be7a64c6f103e367a10768700e8f1d04c77f673c11ff0bd7c29c94fc647042bb808b0c3be247f193b7fe0ee3d28c95f273979f4206c9e8b003bbc2cc9c5a3870066e107335d20fceed183b0594e012cdf53327dd4c7ef1ab8a78e26794692778c1e84cdb15358b6fb2739140ff6018edf57939c9de46ba30761339c0258b63f4ef2d3a3870066697f92d3e209828be508c0729d9fe48371a12770e2ee48f2d84cdb121646002cd3de24d7243967f420c0ec7d34c9a3e311c28be3dde1325d163b7f603dce4bf28ba38760fd1c01589ebd493e95e4ccd183008b7128c98f653a25c0423802b03ccf8d9d3fb05e672779d6e821582f470096654f924f24f9f1d183008bf3894ca7168f8e1e84f5700460599e143b7f60337e22c913460fc1fa088065f9e5d103008b76d9e801581fa70096e360a627799d327a1060b1be95e4c149be317a1056e708c0725c1c3bff6db4c75a69b15d4e49f2ccd143b01e0260397e69f40040854b470fc07a28ec653835d3033bf68d1e84bbf01a5b8d2bceb7cfed49ee97e4f0e841588d2300cb7061ecfc81ddb12f1e32b6080260192e1a3d0050e567470fc0ea04c032783102bbc93667019c9f9cbf8349be1e31b7adbcc656e31a80ed744792d392dc3c7a104e9c9dc6fc9d15bf4760779d14cf1c993d3b8ef93b6bf4004025db9e991300f3e745088c60db33730260febc0881116c7b664e00ccdf43460f00543a63f400ac4600ccdfc1d10300954e1d3d00ab1100f3e745088c60db33730260febc0881116c7b664e00ccdf81d103009504c0ccb94bd9fcb9531a308a7dc88c39020000850400001412000050480000402101000085040000141200005048000040210100008504000014120000504800004021010000850400001412000050480000402101000085040000141200005048000040210100008504000014120000504800004021010000850400001412000050480000402101000085040000141200005068dfe801186ecfe80180618e8e1e80711c010080420200000a09000028240000a090000080420200000a09000028240000a090000080420200000a09000028240000a090000080420200000a09000028240000a090000080420200000a09000028240000a090000080420200000a09000028240000a090000080420200000a09000028240000a090000080420200000a09000028240000a090000080420200000a09000028240000a090000080420200000a09000028240000a090000080420200000a09000028240000a090000080420200000a09000028240000a090000080420200000a09000028240000a090000080420200000a09000028240000a090000080420200000a09000028240000a090000080420200000a09000028240000a090000080420200000a09000028240000a090000080420200000a09000028240000a090000080420200000a09000028240000a090000080420200000a09000028240000a090000080420200000a09000028240000a090000080420200000a09000028240000a090000080420200000a09000028240000a090000080420200000a09000028240000a090000080420200000a09000028240000a090000080420200000a09000028240000a090000080420200000a09000028240000a090000080420200000a09000028240000a090000080420200000a09000028240000a090000080420200000a09000028240000a090000080420200000a09000028240000a090000080420200000a09000028240000a090000080420200000a09000028240000a090000080420200000a09000028240000a090000080420200000a09000028240000a090000080420200000a09000028240000a090000080420200000a09000028240000a090000080420200000a09000028240000a090000080420200000a09000028240000a090000080420200000a09000028240000a090000080420200000a09000028240000a090000080420200000a09000028240000a090000080420200000a09000028240000a090000080420200000a09000028240000a090000080420200000a09000028240000a090000080420200000a09000028240000a090000080420200000a09000028240000a090000080420200000a09000028240000a090000080420200000a09000028240000a090000080420200000a09000028240000a090000080420200000a09000028240000a090000080420200000a09000028240000a090000080420200000a09000028240000a090000080420200000a09000028240000a090000080420200000a09000028240000a090000080420200000a09000028240000a090000080420200000a09000028240000a090000080420200000a09000028240000a090000080420200000a09000028240000a090000080420200000a09000028240000a090000080420200000a09000028240000a090000080420200000a09000028240000a090000080420200000a09000028240000a090000080420200000a09000028240000a090000080420200000a09000028240000a090000080420200000a09000028240000a090000080420200000a09000028240000a090000080420200000a09000028240000a090000080420200000a09000028240000a090000080420200000a09000028240000a090000080420200000a09000028240000a090000080420200000a09000028240000a090000080420200000a09000028240000a090000080420200000a09000028240000a090000080420200000a09000028240000a090000080420200000a09000028240000a090000080420200000a09000028240000a090000080420200000a09000028240000a090000080420200000a09000028240000a090000080420200000a09000028240000a090000080420200000a09000028240000a090000080420200000a09000028240000a090000080420200000a09000028240000a090000080420200000a09000028240000a090000080420200000a09000028240000a090000080420200000a09000028240000a090000080420200000a09000028240000a090000080420200000a09000028b46ff4000c7774f40000ec3e470000a090000080420200000a09000028240000a090000080420200000a09000028240000a090000080420200000a09000028240000a090000080420200000aed1b3d00b0715f4af29e241f4a7228c9e792dc90e4e69d3f3f90e4fe497e24c9d9492e4872519207edfaa4c0aed9337a00567674f4006ca51b92bc29c9e5493e72827fc7f9492e4d7249a640803bb30f9931bfbcf913007ca7cf27797992d726b9654d7fe7fe242f4af2db491eb2a6bf9365b00f9931bfbcf9130024c96d495e95e477f3ff87f6d7ed3e497e27c98b93dc7b43df8379b10f9931bfbcf913005c97e4e2249fd8a5eff7c8246f4972e62e7d3fb6977dc88cf91400ccdb5b933c2abbb7f34f926b77bee795bbf83d81351300305faf4bf2bc6cee90ffdd399ce439495e3de07b036b2000609e5e93e485496e1f38c39124bf9ae4950367004e90f337f3e71a803e6fcd74ceffc8e84176ec4d724592a78f1e845d671f32637e79f32700ba7c36c979496e1a3dc89d1c48724da61b09d1c33e64c69c0280f9b835c9b3b37d3bff64ba0ee1924c1f4704664000c07cfc5176f76affe3f5f124af183d0470cf387c337f4e0174f84292b3927c73f420c77020c9f5491e3c7a1076857dc88c390200f3f087d9fe9d7f329d0a78f9e8218063536ff3e708c0f2dd90e487b2be7bfb6fdafe24ff190f106a601f32638e00c0f67b53e6b3f34fa623156f1e3d0470f704c0fcdd3a7a0036eef2d1039c80378c1e808dfbf6e801588d0098bf11b78165f77c31c947470f7102ae49f2e5d143b05187470fc06a04c0fc79112edb7b33cfeb3c8e2679dfe821d828db9e991300f3b78d3785617d3e347a80157c70f4006c9400983901307f5e84cb7668f4002b98f3ec1c9b371f332700e6eff3a30760a33e3b7a8015cc79768ecdb667e604c0fc5d377a0036eac6d103ac60ceb3736c8ef0cc9c00983f01b06c73fe9487d353cb66db33730260febc0881116c7b664e00ccdf7549ee183d041b7360f4002b3875f4006ccc1d493e337a08562300e6ef70924f8e1e828d397df4002bb8efe801d8986b33efd35344002cc57b460fc0c6fce8e80156f0b0d103b031ff347a005627009641002cd7d9a30758c159a3076063de3b7a0056270096e1aa24b78d1e828db860f4002b78cce801d888db935c3d7a0856270096e170920f8c1e828db828f37ce6fa9e24178e1e828d787f7cc4731104c072ccf191b11cdb83923c6af41027e0d1491e387a0836e28da307603d04c0725c91e496d143b011978e1ee004cc71668eed96246f1d3d04eb210096e3a624ef183d041b714992fda387380efb935c3c7a0836e2ca38fcbf180260595e3f7a0036e2fe495e347a88e3f02b996666796c6316648e1717f1bdedc974838e478c1e84b5fb42a68fd57d73f420c7706a92eb335dbbc0b25c9be4dc2447470fc27aec1d3d006b776392678f1e82b53b98e9f5faeed1831cc34b923c71f4106cc46f24f9d4e821581f470096676fa617e999a30761ed6ecb7475fdc7470ff23d9c9be483494e1e3d086bf7e9240f8fe78e2c8a6b0096e74892978e1e828d3839c99bb39d0fd93998e42db1f35faa97c4ce1f66616f928f663a57672d6fbd2ddb75fa6e6fa64fa08cfe77b136b33e1c6f166156cecf743460f4c6c3dacc7a4db6c39e24afcdf87f0f6b33eb48a6d34ec0ccbc26e33720d6e6d65f24d99771f62679f57799cb5acefad300b374bf245fc9f88d88b5b97565c65c1370300efb2f7d7d39c9e90166eb29992ede19bd31b136b7ae4f724e76cfb9493eb3819fc3da9e7524c9cf0598bd9765fc06c5daecba2dc92bb2d9a301f749f2fb49bebd053fafb5d9f5070116e1e44c8f0b1ebd51b136bffe3bc96f66bdcf0ed89fe4b7927c710b7e3e6bf3ebaa8cbdb60458b3336203deb4fe27c92b335dc17d2237fcda93e482247f92e4862df879acdd595f48f29050c19d00bb3c32c9fb335dc0458faf24796fa6bbf41d4af21f49be9ae4e69d3f3f90e401497e38c9d99976fc172579e0ae4fca48df48f2b8249f1c3d08bb4300f4b930c93b937cdfe03980ed716ba60b86b7fd5913ac91bb3bf5795f924b335de50b7024c9f363e75f470074ba22d31303ff77f420c050df4e7249a6db4b53c629806e1726797b92d306cf01ecbe9b933c33c9bb460fc21802808727f9fbb8f2179a7c29c993935c3b7a10c6710a807fcb74d5f7d5a3070176c587933c2676fef5b6e991a28c735392cb337d0ef87171640896e868a67b433c2fc9d706cfc216b0a1e7ce7e3ec9eb327d2e1c5886af24b92cd3e93e48e2080077f5994ccf77bf4f9247c5692298b33b92bc31c9d3e2063fdc892300dc9d7393fc59a6dbc902f3f2b124bf9ee90e907017dedd71773e96e4b1990e1d1e1a3c0b70cf7c3ac90b929c1f3b7f600d4e4af2d424d764fc034b2ccbbaebfa64a61dbf53bbdc234e0170bcf6247942a6a302cf4872cad871a0da2d49ae4cf2fa4cb7f23d3a761ce64400b08a83499e95e9d9023f13cf1087dd705b92ab327d74f76d490e8f1d87b91200accbfe4c371779fcce3a27ae318175b823d3353857677a97ff8f991edd0b2b11006cca8124672639eb3bd6193bffffd424f7ddf9fa5ea306842d706ba67bf2df98e99dfce1249f4f725da69dfef53bebe65103b25cff07c437b78df1d8c20f0000000049454e44ae426082, '1 Rue de la République 77340 Pontault Combault', 'Pontault Combault', '77340 ', '1990-01-01', 'Actif', 'Administrateur');
INSERT INTO `utilisateur` (`Utilisateur_Id`, `Pseudo`, `Nom`, `Prenom`, `Email`, `Telephone`, `Password`, `Photo`, `Adresse`, `Ville`, `Code_postale`, `Date_naissance`, `Statut`, `Role`) VALUES
(2, 'Jackson', 'Micheal', 'Jackson', 'delphinalexandra51015@gmail.com', '0601020304', '$2y$10$fMwb1teXinNUlfM1DpLW3.sgKCequY9gs6sNjgEau3zdfctZGqDqO', 0x524946467e6f00005745425056503820726f000090ed019d012a200320033e91469e4b25a3ad31a3f3798a3012094ddf883543b3526a0046cd1251b77fef3fcbf6e97a3f1bfe07f6effb8fef0fcf05a7fbfff7dff25fea7fbdfbc4f123b17cf2fcbff62ff9ffdd7fd0fedbfcdfff71ffa3fcd7ba4fd49ff7bfc97efffd017eab7fdcfef9fe8fe297fd0f54de60ff6fbf713de33fddfedcfbb2fefdff13f6d7fe4fc827f46ff59ffe3fe4fb777b157ef07ffff706fea5ff03ffafb477fe7fddaffd7f29bfda3fe87ee9ffd9f7b4fffbec01fff3dadff807ff7eaffecf7fc8ff1bebffca0fe47f90eb4ef96ed53883b59fe6bf9e73ebfe377c3f43f508f757a6ebed7c85405dd8bf83e727f11feebd8078427f15ff47d80ff9dff80f58aff73c9ffec3ff23d863cbabffffb8efde1ffffffdfe1fbf76c714a875b2a19080950eb654321012a1d6ca864202543ad950c8404a875b2a19080950eb654321012a1d6ca864202543ad950c83ba7537753e07ee0bb5f7ca7fd8ac3b7282ed8e1012a1d6ca864202543ad9508898c4c4e3fbcd15ecedd2da617bd0bd5e6a4dc6f6d9a6e64da73b867a7e4c6549b78ecd7b738a543ad950c8404a875b2a19080950dc44f44c566e5698c9c40ba83ad94de34bcf3e1e2255bffdb0e9ec73b7a7c0269c46589e29d0cf7dc71987f617c0fdc176c7080950eb654320ef46b1d37ee939dd3ba72e7d847ee0106bbf5b218eeb29e673a4eca03c635980e89a7232f848aedc6a71da716ac72b7c9628bad950c8404a875b2a19080950dc3d3335f472ad0f3c20eb53d394ed836715dcc25fc65ab17c5490d103eecdb3e399760988d75cf89addf4c2c5905edf088a197b8c87ed618e16180f984d4f5e503dcaa8fdf97654210ab029a5cdad351da875b2a190801d1b90fdb3b8fca04565fc78a14479a751c82e6c1cdc4ddf8ad04f46781c48725177d53fe947c0a37b9a372e690a1bc477ca141714a377877fc45e68e0c0ccd7317282c8aeec5bf7c8acfff5848eb1d90c01c2b33d4c3ed8e1012a1d6ca62a3e032d68017281859b03620240eb029f8fe5ce8be2c51c6ad09f1486c0807a9e12234a9fe21965ea3e31b662a16d6b5ff35747e2d1e00db115e997f61450618374115684bfc72121c2f01b161a84c5faa55b4122510db7753e07ee0bb6383ff0de540426a454d1f9e7a18f9885a397dccbdb3a7b87189bf95a8c705ca34c0779b31c6af32ad231ec9524a0919d228f102f72100fdc09d7bd1e298228d76850a948b15cff8559642a7002be3995105c63c12a1d6ca8641ff4810292488f4ae1513949186b894ce628983cb94f0ff367855e308b2b9cf653cf0589f1068bafdb85ed07b737f6b56209d64f397ce95791b56a9f5aba4b097312823433ca7fdc42e034e5b434b05db1c2025437138f858cf3d0c6bf9d3d7e655adffb00311dceb996382d78df0827d76af135af4d1b46824fb62f8bec169df51fffff739fd94d3c425ca17d6030f501a53f48be6e8aeb234b53c91d9639acea8f3cfbd3656fb533d4d67a3ff02bb08f4187e9537434c2f81fb81e4b2a6ed8adfa4c80f323800ffeddea16069b2b0c324138d7272706d35831e70ac504dcb68d59ff357070712f43f5a15d22a130166e6757d752562e88da23635c9b1d82c32ff75459a2a11ade0f9fc6566a6accb2be15389022012b5f9d0ffb0de450f6d58a005171518a5beba00ba617c0fdc0f0ce91fd389196a9fd62e80f96d5b81f1313649513d135408f5c45ce626e2eb5ffa0a56a83433ba7d52d3d427faac27bd9da020b9c5fd64eefe711849daae97012aa88bf015b976ffa5517f6863bd70940eae3d0d738cefa7292f46e91d8b2474b9c00538a1c5cd85b97080b42427cccbfb82ed8e0eb80ca8c3d8cf5a774055a192f18f1ed96e4dfc3b6764a28d43f54d677bedf313f16d2ac51e442f75aa37302f9b99390b943653dd9407c2405b2eea827b31ffe50b7a43c08e95652a2a8325a016ec0b4fed09fa48b077b5f5877e3ae00b9d5aeaea2bdc11c666a55f7c2dbb9a2b9029b2e030edea89c9fc45a0fb26c175b2a188529e3b50a8fbaa98337df68aaa6f72c37d0925ff75a404749a6e2e8ca03aafd8047c3bb6aa2310b603c091f95e1542f970939fd72c2e1ffe0c55bfaa0d1bacd04beea2777f78e398b06d42bcba28549afbb84aa0777b1badc2fe50858a957802fab52a8abfe9f8860099aad75d8dc4e21545e2a94f1a7efbca7e5066e484e5cce07ee0bb633709965ba4a6e48c819ac3bc5f2c5902503b9d728fd5e77d16c89ba547dd17d7f1b37f864b9aa82f77930a4604f8e4f95b11351fdac8e15378b082509e446ff2d987eb45b68763160364f670d1c86f3a921d446b28be2c4bcf0acfa094f638991813b2a8641ffe4b6220d42d7aee6ef8106430754ebc502d66cabed9cd676fc6a03fad6e415f5a45c21f1c79a23b43da54ff8678c4d8ae2ef241810166ffe8302f13367f773913af2d0da3a42565c298346bc5f1a7d9e006fa7f968c4e1de3e271d334ba26ab0f622a35265a9d398eebdcfde376e49f644173afc762f080950eb54c6cc016f91c2b3075016cd33ba5a360c507547499b24b03f12917b34e37ffb9ee46bd138404f4468f042dfb629faf16f38735a116eeefadf84fb4b824b3548ae42544a1e2d1f6fa11a6e8df7f4b6d6b671a4d1aa1abe0076e2769341e5d8107f08538203f705db1bfb627bc6095dbbd0339ae16ed23b818f51a358d860b1ad48d3d7c8034e00c8848919b4a940e1ce2c794bc8433a29f5b61025538fd7abd68347d4fa7b8681fcb184f52c7cb00d7c4bf5389d28502cb52c30109672a7a3ba25fbf5fef834dd3351cb2c1581c47cf346e04a617c0fdc176d07c9103a03413e0b940881a39da1470ffcf1753a4bfec095eb007d1d9ff53027aa633d04e9f606bf2e746d7eabf7200cd319ba1e496880a438f405d3165c9493332f03b2367fb1e9bafb46e77c0ac7afbbf7801e310d76e10bb638404a8355774a7b791b8dbaa120bc85aa7442e7c8e96563aac616895cce99bfebc367aa2e9c44728a32f5cd273387570a6e06caf7acacf4cdb91c226dc322b6fc8826462bf625290310bb638404a86faf94cfeb30bfdf3c2994c7a8f2587f7c7c8ca540e8d8185cc9994f5fbe436e9580bbfd9ff55c6dedcd5d1a04e7a0052c23bcdb45aebb2a681c14862d2711ff204eec4c78bb28498013f9d663b3f2f098d2785c9056e851a15811ecf434c2f81fb821f02939eb55dabbb589d35d616eb46d1310e3730c307466983c123632415570b54f47c83915779e461792ff3d512d7764a7980e04e5a1abf1efbe01f89bb9f6d7d2969498b951f94831dc7b3004f515614689b87b638404a87552f0b5133f5aa47f83084188d1ba3f4bb2e1ab0b1955b03954d1695efa8aa6dfafdbc12a1961a50db9c02472cd44c47ff0f08da64c35591ff4ab395c8cb27dc6a2056f7234d4c0b28df0b5ca95a8ecbfefa7c69f557b8e54321012a1bfa3be69cc4334507ae8c38c21e22dbeac4b72bda7ab145b4e4018366fdd9b1e16dfbb0e1af2713a0b6aa9712b42112392d98d2a0d8ef65c803365b7f2fec310e222f28ae6fb23d905ed48efb47186da543e11096a8094f65f2e711dcd1e0efae8496ccd5857d9f03b64894a461e19605d8db5b32c7011c966833ec6c361a512d6a22e420c242f5c73f0ba617c0fdc17032079bc13a1e56804ce14d6d434e9068c6c2d1b488795aef8fd4243ab167e878e8f30c0498e9864fdcfb571c208dfafbf0c0e4de13acc4e9b64eb90599408b93413e91219db255ad689b0dc70374c688c8daf1dd7b1be51d8a4540449a289b9f4b8be57da23939ee4bea7ee98b792efde5db363847a25b9cddfa0c3433e5753fd9967b6288590d95b648da875b2a1883382910b8c8622c4d6626fd00f13959267d86e8cb07ed3a7d9ae7006ef45456523d8e88434c33d1f9512e6321804301b9a57cb8f0f32bbce6d6625bc9fb38299655dde97404a875b2a112597e0885477761a31488d4c38b6a5b5f475cd04c250018dd3dd810797b0997e51ba9acfac86c5eb8c506c6d3e90a65d6352fed6492def8107a72af15fe8018945828abd9de9e4425b8efa0c65580139976c7080950eb587951d5e04a018ad85ae2008eb31e103b133e814f73b23a070a7dc8d3a3d190dea02197c9c0abeda76ad7be7ad7be606f4c333946057d6eec6c42837a3956859903f705db1c1ffff750778bb10b6977354d57336e759afd6307fe6404d78c00c667825828724f7e600433213d88304b3a2b3a6a0a1966f5f2b681e3b33c255b4176c7080950eaa2ed3d73de6790bec015ce0e0206a1f2ca44921a9e47f3dcf56fbf373d857f3ed13396289fc4abf7fb7bd32fe1a3c5be945cc4058e337ffc21264c9fc7ef4c8342ed8e1012a1d6e83b42a58b9ec19c012c14e2092f21063effa73dde3b29123158bc57ee5d79c861da6b8c8195d310b37037b6614e7444809fb14a5283b9eb841fdb1c202543ad9507c99e89758e4182ccce4770348ca333d42b3695820c1dae29e02629bc70f1318983053edaf63f8b46d700f969f302596ec41188402556648f911c82ed8e1012a1d6caa72d9260c85cc07c6c1ac5045223ae26bf8250604ad177567da0aed8069d44de53b1c5782ba9e62faa40ed10f719f1cc5f0706aca7471d2a3b50eb654321012a080e7a4796c1e392a2b683c1509cc465725b1a57a0dd7d802704698512af96a638a78891c9d38a996d2dac9769a17b0346b0f044d50268e1ad6430174c2f81fb82ed8e0ffc640911688c4263cdbd346095d738e8d729199b602f41873e2fce78ee9a818476a3ffeae14da58859d29e545876a3c6629811a9403b50eb654321012a1d6d30e6dbb3b5010377f035220112d238c847712d33014026c33167bf7f1f2d7610694013dedeac4aca51c74f3f2fd932b111ddfd1b712fb05d6ca864202543ad950ccb4a2731f7a02983e1852c08092fd6ca864205e0b5dceaf49d1de868eacc4c05a5b9990868ed43ad950c8404a875b2a111b2eda12ea020707dc7966944ec7f30f080950eb56e2abfffd6977ec6e583aea97885428d87ee0bb638404a875b2a190809482d8d7c8672b1e4ad0d11e67d169a5d713b0cc49d61fc0a5635cf0bcd4a6e19278a53f723e9f14ef998a4e8e10eb654321012a1d6ca864202543ad916ad2455fea9d108b31c04e5892c9de810bcabecd68ea36f4570e653c7e14f7a9f65223ad248f175b2a19080950eb654321012a1d6cb0a1988fe64ce85311fb44695f55ff39b992b03c8887f2dd20d977254118efcaacba764f175b2a19080950eb654321012a1d6ca864202543f543c9f21eb654321012a1d6ca864202543ad950c8404a875b2a19080950eb654321012a1d6ca864202543ad950c8404a875b2a19080950eb654321012a1d6ca864202543ad950c8404a875b2a19080950eb654321012a1d6ca864202543ad950c8404a875b2a19080950eb654321012a1d6ca864202543ad950c8404a875b2a19080950eb654321012a1d6ca864202543ad950c8404a875b2a19080950eb6541e0000feff4797bf37da4fc0000000b520000000003dd6126209351793f64603bf46999ce1ac4be1586a9121ce00d44f2709b5d060962dc910a9525055d9b49d20ef593abfcdc7adfc4298b72935168673865c5661eb3516894154e02188da7921bfa93a80fdc4fa1601fe0414bb442c3357d7a914dec6661bd99d317faafb64a10190eb0227029ee8c1ae83afc28cd458693c9dd33f517784c5b4b1f7c04d3810a000025143a90698ab63b4d6a6f8785be40f12ed96a8e3b6bfb429b08c556e9b8664904a8684c05e140b4fb73d1209fce9cf602bf50d256fea5cb067fbe7087b3acbadf22edc02344e2c934be1d8b7510330734b27ba0887823d76173079fe589a8fe4d68dac58b843d48c51e4ad907db201d4ade1704a81e8ad6203934f3941ead4edb52de1a764663841a00b71e1a43ac4ffeb4d9d8aae9a3a10628950306c074dc55f67cbc9b3299cbf1bdddc99e1e2aba8f59570af53a7576c94c1b816a255338083b6a2bf187cf87f63b758fd95ebd754e3979e89d827f0c628dba68954e803abe2ceae393d8c4ddbf3edb06eb478d981154d798b5e3848b4508f3dc2e497f3953588d10859724003eae15cd9f2ff320da5996df38a03d28b695c2bbd64b3afdafa4c889289a6bcb60852a331735c5578ef3cace80d8a0c26302c1c728278e0bf746b11c2280444a56e6ee4758b9f7271e0cfc3cfa97338d5b86f83f5c3c94ff2b5722beafecd936600833dfd10702ebc6847e1cf298f53e05ec90889edd9c12064871a3781d6f338b65588e130958ff131bb7d53aaf8b3decd8323cae29ad26a8ab0955270d11e6dce9683215b8f5c1e91bf83b6843af4793a022d67a168118fc645ff98dc2d076fe3efb85136e55c93f3ed8e3eed989a39afdc05426ef2a5fd88fa4cb481d8627782ff21962755f8c200000a65fca8fd52e7f1135eed79967fd50c7703219f7fc54d9666e540ef75ca618bfad2c3e35436de1a9076493ef893b2002fe22e3a5287035b59193605de66c6d6125ad6811d3fd475c8692df0f7ddc943c581941c642d2e31ceb8ddccb181ec8cd1dc9f033d12355ac37429468932de3d4a60b1531a315034c593f10c793e6e061650e8eeb9b05908ad8328d3116adaf004700d895d1f22c7c6085bb428b67766d374c4e77c83e361205d1ad8a4cc353bb69b7f7830f86e8f198e95c52dbfb3467188dc5832073510709691ac2679f8ac5ca2839fbdf820f33ea9f91a717ab231537274d5dd5f0837db53289ab78b474eb39470aa11ccf5e5ba33c51ecb73184857f411e1f3d0e6b8f78eacf72597634be0268af62715d5b895169424fbb85b2c3cea66732500e3e132fc6d236497a92544311c88a5e3fcb8582a9a4de46560dbc808e800957cf6cfbaf82e2f1f39a5cbdafba42a7601f4b89013aed6895710f76863fd1376048754ac696aa44ca0ec25b8b3749547c215d18afe3868b359edfa1282b0feeebe2c4f394e8bfb4bda3729dbca838826209c8152118a30da65d1934390fbf4f48e401ee70832f45763ecb1f3e83fcfccfdbae9a14047287b3ea4d82ca28571a46b2a8521ede89a91324905c012e560d6d2140f46148f7eb4feea7769bc20000001640fa12ac654911eca488e760b01aa63dd5f0ce9a687e5465e527f47aefb849405e88e5185e25f38c3a46768c8dc78a2763a78819d6bcdb1c9a2a4ad3df1d4530652dc5456aacc35faadfd9f0d23be3911873da4a181bca829bbbe67a8215da76cf62e47dd310a9e2fe70bd06b785cf721dc9dc58c4da10747949bbe8f5be6d3d7c20ee30d88e76723528589ee9245c92c5fcf064aa3978b329d5b4f0d750eabea14556bf7a3cc46a7a6172e495a6dbd3c268d3ee7ff731738081f2613a44c309ddebb6c4b0017b6e316cd7b59111296292cb14438ee4f3777361815dc0b3c563c6f5ff9b8c4096223849eff0aa17cd1bfcb33e9f4a5d5ef127180e1f1cd2510ad5c686b52248d453e31d32fe41b87d300c42ff991658b5d81f2dbda201534330a7fa54fd8fe22fb3bb73013855dbecfcf5ad06249511930fe2c81fdd6bbf91e129241ad22a87501ea3aff21c93c9756f5364d8a830e2c48cbb411e57d7fd6acd830264b36e829566351d78de15bf357964ab14245d5c1a69f20104b6d0e852e0cab729904d0c37a43452b2ecd10d6a4f41a6aff307e963538fecd812c441e6aecb34c929a0a2d98f56c163d6682c58558651e90ca9f27812c4e10856e325e18fce4a8eac6a2048e2389e771f453d12487e2a2461aba8d88b5730ebf5bec3b6d844ddb88f7dd4066b95a3f0f8af8b413992b8ffe219a87a49981feed0df5efe2246de667deeea47ed6a98e0b9cfac03b2d74fb19c2fff363000009d9feda2891cb64ea54b5f3ea4fe273f9f7d4e2f24de0a8fbdcc2ddf301c9bb47b639de3744126b6e3da2d8f57aef1517ab6623d46835904b4a93e2b3f17b1524d1c3543813537761e2b29d60ed51b5d9d78da90089d89056d4b1e77b19a9dc564540d03692e476aaddcdad7ee06a3135cf0f2ca5ed3bc2aa6b9b22c7829c0e71019239b126d85828b795e545af0022be8c301335a0e79fdcf07e552117b83833bede45bb3bad733d5b4c1860e7cd00d58681151d61147c41ceb77d8b4f48680e1c95c02afffcacef9312d5689bce93c6ea9e8e3574779715a4d981cb4e02b5e02fe9effd0b40ddee2c9cff5c34d42e4e69c768d53040696e72ad863cb13711467e05bc4d4c1cc1219629e7dfac005bdb80d8e90746dda8b2f7c6e2ff525784e648222417d422eaa84fa3970fb5e2779c8f4dc7f83af58162af8f729be099267faf2695ed25eb2838e67749117deee1e3c9600c45bc5ed98869ce78a111c83d756e1792e5314c92f3d39f0b968ea62162dfa7c76654ec0182fa7f44dc86c83c1cd9cf67681ca25fc91c8e0d61f8f18635ef0e067b1689b4d744288312e84afe68001393e0dfdb9cacf8f1b583f1a8231f31de18b7a2ed60e372533f31a84721d98e98a79f3c77dc37cd098a8b572813e7eabc7077ac4fc5851dcf98e371ddbbb8a50cc6b74b9eab1e7354eb5dab84b64b48e3215a9acaff9e4a0b11de014095d5c9737088a50cc22775271d9c40c6064241b543f962fbc4973d776cf79f7371c731498fd795fe2f073e522b8d9ac675cb0aa33de6a6d10137ed17707ac1e8415f24c4b257e236c7a5ab78209390df00c415be0f91ebd3c20f3e9c755b4a9f194ff1f084955e504439195570688f8bec2d7c8549c582635d05d21dc4e8c9922871a58d5bd55bedc0fb4039364feb4a939c86d3d989d6b0c0a142774866889ae9784213804a7456ae3b5d89812ccae05d8b8ba1421b31802699d5b15be2e50ea30b3cba2d45b36b0be4800b7b4d60a5fc3cc83b22c6e2181fa660d128082f2623d28269e044254d5b7a47ae6d5f7ec6dddbdb3a0a0c5db8a4fe2d68a85d277646ac0671b4f54c36da43f530a46d3072b47bf8ad41320ba48a72ecb6fb23560bfc540629284f0a55874184e79522258221b68be34f05f7537c79bfa9cfea0f6450366b889bfef673393b1ea69d3a8731a886f2f44a27da5cb28c3fe0954877441b3fa3d15c73036ce165b18ad32f5df650195b4268308b31de6a33bb44bf0ec34c7474e460abc81d7584cfb5a464585466f21b54cbf9a7eb6e54a549ebbe60902cde6c6537962b38fcc31dc139850987396f78ebf866ef2eea2469e0584520903ad687e65f1d531a685caf54a0989171708e7c806c297c4271703ec1c72a5b44ff17a2b99c79353157ce3ffe27ad0ca9ba87d290b839ee24f6bf90a2c03948be1cee9a75a3f0b26f0f0c9dd763502aaed0bb6a75f95bd0be8c3b908bc810410b9dc92ae906623fde04bbcd295b863969df908314d384620ee69ceacf668c1f0f26157ed77c86b08f9703cce2a30d1c54bbcfd1ef47b61d310f5e61cc8e25468efbc7353fe33a08fd2db86f6eebe4fed383cb7d6a02ea03fb787276f586ade1854a8cddc57f56864acbdcb30590736b951d60fe06618c0550557b96cae3a7202a060581070829420b15279b52857dee7602dc6193a403af68ec2225777886a1fb8b36fbd53c9e0d9ddd3a5c08eddb1624c4805aedd3afee3ef8510aeb51360e97d9671fc8ab52f93fac94ddfaa4453adeb90f0390441f6c4345e317d5dae6fbb000eb83a78a0a7c99fef1c1536992c7bed5fd4515f2b445c7b2e8c7117f01b9adfbc3465adc31859bfaced6492484640d46cbd3feaec8aa94252847d0f260773c0f5b980efed159dfe31c99fb656618206bdab17298230623324bd8fbea90503d74e78a990e354dedc48a0ce5b5016b4f09f1d3b3ed1a76fe7cba4428c2f0ecfce9c1faac9ccca6087da942bb3091fd78b480c49f6e8173f21db8af338b011c7d80687a2a73977bf5c7d9e43cdf579c600144954824219bd0c07f9c74e7f6720284617ae98503470304031a522e1f4b15e2897fa6e7e42283ff30165091d8c043861af4859a7df3d67b4e15ed7ef20f63c810b8adf4f6a4615ad063d75aef57aa2d6aeb30238db2b7f7b5c4660864ce2476df59394e63ad6ea551b7d9f36d6325418e1df57dd273c627670feee7423349c79817842857a5d11684069b97bad235284c29864e338c148f686a5c8d52be684d75351783d6c56e327df6a0fa02d9f03b186b75bc9450e8c44980d83b33379795de6d851de7a98d9b1db493281b10f9b8e52bea7f09f55f5a08e8343888f4a5d0823b8d96486a8cae27527d2b7b6991667211dde2e41a793735fd3b448697ab02255dc3b2f545aae467fc7bef550a1ade027f253442eb4085d13b9974a528c35503a3ee1fa250a32fffefadea0b0196e82fc264628af128a95504e6de0c529d5c7e3db84cdfadf191259a4a556a0f84aa8035b9e42a05f47e612a82eae34dffafacff191fc295e83a31dde121e8bc133d033be79dc11a17f1d4f26a3232b9d73ae8064c36d97649ad0aa744d7bae01c57f4ec5516ebd7547bdf274e648f95427e24c209b3a7dfa373b422851c0cacda9234755c1bf54196c4f0f9d4e3d7194eaf4a8b3fe2fead5caacbab6def3075dee9d780ac2a81038ba86bcf36e3814f3dd65618f0c205544fd47d5273344a8b3dc427e35f667c07b83d068e1634a00d93692432c1de20a2c6d39bdada1d48bd2b720ac1c751dcb93789be75ba9b73ed8ca48efcb6fd3551da2a70aec0b17f0db2637dbe9555e547ab38ff4005b2368d0848060b8d0272f294280e077cf0b1bbb32fda21dcd2f69444dcfdb6c0ce44f1567e1a44bd0c79cba6e77cb19473e245534a952947a16b228008243bc88aa787b7993c2071888ae7ef4dbd01eb53e7f0c3ff649bafde7b50dc7dd13f89209735d001947e70339079c8f6c2bb316757a6ecf6f70ae8235d6a239ac57ecc5f329bef70cf56c8e2627525f0925d974b8ce7480af0edbb7370ebd4a0049f5bf00d9d6acfb6d7d205d02f656e47ef7adc73c78173f9b3d9a471c2ac14ea1d9ecbf83003fef7a41cafb8d24cb44d7909b81b1a285d2450c5ab8d33ab304ffa979d74136c1cdb15226301042b2b89c222c13a02bde69fb0b7e666d31bc7db04f7d3c004bbb103bbbe4f54ef0e832e5372e4af34a7a8473cafe359b31252fd6f9a98cf49dc4d415afbcca6ccf074d892d521e3364ad4086ee8ad26329bbd9a204e0a0318a5702e8954fa928cae67f5b87e8bcc02e49996613741077d77164dc6f91943bc6635cc882eff198b24d092feaffe4c48e7834d1765ff574c7c4ba67cca780a0c02b526829b5de1223718b6913af027406078b826263032e7564051764409727739e2a0be62b3e2518ca670da0d2b10999f8791f33c751acfc55fc386134d45ebfc8ef13586ed872751d3cca707dfed918d9453f0d68b0193d97675666c6d467ef6acf4a69dd84b14c758d0067072a9b7888fd18f887a6a71161961afc7ae77e88153bf217b28132c34f7cf8d18486371ec6d9830e4768f7cf448eae59f8009f90f9aadac8635c1897c4436c32b3546ce9fb0f980dc6fea43b6a47186c974ed39a71f6665afcb238a860791509c2ba036b5db3293dd4b57e36b039bb3d010773c9c22fc90f43c59aee02eeadea13f2de01ab6fa65a7b272f878f099a2d6a6cfbc550de57e3009c475d3b6cee094e25e8059053368618c8f560143b8f1f8764c1385d74e52fe2b4052974c67fb37262b4ffb7598b4d484a70ac21e3a3f0efa06c10653e9ec323dfa57c6a7e5bf4fb3b4e6a0988696f59604bec67dae8e1c5ef89bfbc3583c7f1a274146ce19dc42d6985d528d1c74cd6905d9f7016a382177c02c3329a7a6a805f2c43aa766291c7aa3b27e1f4f4ac47d9971ce8f8dbe31cb15a4116d92b1a7235eda361abb0ee31f0c50e9bb971742f317e63621673bf1b05b588cdcd6f761479ecab67387d307ca0442d79ecd98739b2a9dd1ad807650bfc44355c6f0c8f7155655233243878f962d7b51addcd3c8f8fca25350c500268031e179b29dd3dc5e59086e9f803e08aa27ae914a5d479ca985542e79c8667a81b8133540b217919444b7249edf2745b625ec128026ecf19bd06ffa70f45cf97c286b50e728894ee9b122e2214b97b370eb40ed691f5c67aef67ad659d3d7af4b10955d0b9e30e5b69ef6e480a1c9ccf20e8da87926c93357fe5d9ef4f462053026c8544c57842b6acdd26cb220de938013cc525fa53fe853d0120a3aee018b7e55f65d84b68dbff8802033c55fcc6e5b17a427e745a2a218988ff432498e2d15d26dc5512d3d2020f9c5348d13ce6c21605100fff1170e9a440d33a0edf16ab8584d89e5804a08a1bbf09dc81318a0d027671d8d416334125c2fb3cb60a79df9c9369b130145e45283a0bc50aa6ef542108d2b830e59aaa4dbf1945bc116779eef7de99594997d00013e87a1e674471931f1fb560fc6558c9b039a233c8d1589e8512ebfe4d82ac8075d31ebfe831c2a6cc36f2e620b8fa2a88e116e0838f053a7bd1b17c1eaff8ef558ca62b11d5df425502ade33c0a71b98fbe7325b14047ec601e5f693afc323e7f1d0515be828a774d97786f4be3ed988e0b17dfd2e2854547c203ad46e0cb634af105948e3ecebf7e4f5ad6bf424ce203595fa8a22fd10d2845c7de394fba983e6508a8df6d779e468e7af982ad8be2e990600bc9a3bed99407bc8889d6175a06f6d41e82d46ccdfa619157f25634ad874e5405d6a2491fe5254219dbe116fb78f9cf0463ff6ad2aac57bf36ab1fd08db1e982b0bbe55d12e85241663af95661d919375c24ddc2db8005dc2f2c9abaddb50d77f1c885e309b1b757afe4c9cb943c46d11008365e6ee59b96fdc8c46ab517505eaf74743ca0518ecc012660cf30cafffa87bb68a3c1ce5e3b0e8bd4f9bdfb7fe7658f6253be92fdc8e40ac6966cc0be6a8b8529f4b7149a8e918f3385781c9edf8bdc1db88da8fad9a58815d5c475d6eded5766b803a432f26a5777c00153562320c29fde32bf646c02b60acb1be8018a3dfca7575865e5ed2e2a360260399a77e4a5424a1be562d5228e3bf60007754c41ef9287aa61a564de949e8cf845423a58ff228b8f582a6bf37df0b9692f0f3dfc76f96e4153280b6da94428d8b4c234446ff77fd9d2fe4de9c50b4d185717ac2858158a15b98e1cec927007fb6c7b338f33a89ef860b0b4a651fcafd261e2ffc5d819c81e1b49f8f0a3e34cd851ecd9c7878c06d3e8b2b00a945ab6aba778f61c0032e27afd24056b66c9d8da6e34b079e246c9ac19b59c1b8cc172bb3016069e5ab85f4bde7aeed0255d24211aa28e665f222c5df7928588a9a8aaa88122f24dc1163ea290911c2b4669d00f0cba9719cf46b3e0d5e732659f0268acadc0638a3eb86275d45995dc0e3c7a110a52b03ae84914bf6864c192f537f2d5cb1b86b188d109cef25ab47b1e444b563f158c572527a7f2fb61f79af01fcab74b6dcc378ab2161bb7a3704535c46c2632fb5a010acd9cc1a36715a7d41480ef9aa36272b608e472672c5a1aed31db54a3669e5ed6b8d079b95701c435d5dee75d697ca504b063e595805d8d1f1a432d06a3dae02c589b69d33fbd32bc10a85abaa947be93cea0d6c65b7b0a1275b6bfafc7c66b880e331c8563e4a197e43bb3c0f92bc83e8182c48495bb94463c612d686f769a9eac04059a47a1e64c0d681b4a80c26ada47f0f0e836b5caed6e27fde3d97b964b019b87e9fbe56f9c0b11ae0ed36a2e816c9457d91b97f3769d8707b3ae3d90b04bf369e8caf60ace806d52afea4970da93c2454b02866728ca9a7c731d48fb0452e5a25daa0b35b9f46d7cf328b099a6632e7b0fd4c58597e5287cf141561802ad301080838b3a5867cca9c31a802f00812e09f6aedc0af02204a1afd4a0b91bc4f9756372bada5cea57415961db667b9005e57c7cdf8ab752d613106b78b3997a7699ad09f992bb0af261a0fdb6a801243265404fc46768c426af5fdd904ad2599dcb438705ec697f9385c6be6a01b1cfaf9230703be21c746972c79aea1b046bbc0fe5bc2fd25c459cd8177bf0cd221bd9ec06c9242fbf25083b06c5cdc2c4b05e051598b6f9b25b8edd9202ffe4448996915f94745fd4a3f5360b59a52e09cee212414cb94a8e1c9508ec292549e1684ddfc3499c429b412c86d7a94a30602005f49b7791111fa85bf30ad2b283784025a8cb978f606ffab695459500fa4cb6e6e2e8fdbc78ea7ba1dbeadcccd2232a06dd54fb8d19934d4c815b935a10693f7231781e67f8842194ae781dc859e9ceeb4eb043d4d06cbab4f595035db74ab0ec6995f3e461357a7eb6ce5cc8fff5b7c033fa4d23135b2b4e8867ce943be62de7dc4ff107e70a99c434576267fe83929476b1c66ec60cc6ddf8b1e5201444c986c70b557955530e90b345bf0ef603579e74f241609e6115c44cedea9b73af0bb1c8965254f18be7d21e859ffd294eb38bf02e991dcf0841a221ab6ef40bb7d888322c8a8e80cac94e239d75df0818b7f3f2790c95989487d96fccdc3b47016bee1557a49af7e49c02f16ec392264d64001429525e9e582c1d7516e14045c35901610d752b1edd96b1255679f6342460e0ba684911fa721b8f9eec56edf7ce77393c450b3fe24bc8ea951c5399e67c34cc770d0e34a252e1c8f5bf68dda0c8dda119d970cf3ec27bee1df6b6c9e152fd8365d0ff528596045ba187f859230a917b47a52bed0638bd2b800bebc11745abc70d8d6f303793c462d10bb9804dc0755b55c3ed465e0176220734e0a9c46c6e4ac30c13ca42f669b1e1467b4afd2bf2bd8322a3009bba2e9f75ba6af530f7fa35b45ed8b58dfd9d922c72e8bc9f80314bca1c8a9f75808f459f9e4816944254530e403b39a9ea1111b6ee02f105116f5c627ff9b7a2aaacfcf15fdf5f304861f826ec8415573df7273de8b4580e1b401e0866394bdaa2f5530601d0583b447e01fb4d1f6dd515a65959984f937a45ce98b1e9de88731490cd03efcc5598af677175fd3b616fdbff85c53ec5a85cd31f0a355243929e8be1eb3a55e89fa95d4dbb62e563fec2814554561b5b73f12ec0e7889173894df7a2fb2f60d9100f28381363aa31624aca5b078d667805ec06eb775070b2991434bfb8395bb66aeb9840658ac1086ceff2dd071a0b3ec9072973cd9c38c314bd062f9017ea3dd176069a3958f875d73f150ad3510ff84ab9bd89a6ff5846c8f137cff19e1b161e6ba93ee0988fb81b3a85dee119eb82de0b94ba9a5b27d5adc8e9aac96e740761d49c35e6586d4200b21b51c9c79a678e5cddbc25535330f19a4ea536cc1b2fc7245a4e169895e1aedbd4fdd0b889d0b66a23dd9decd7cafc79bf4953219afb31856aab7dd4316fcc74913b2d9de59197c683e0088ff8a77213b5daf367cf5a5cc7181d66515ce7ca818c405b98f4bb772fb0e5ba48535d90e8960feb243727694160b2785ef02ebbdab7d1f4a057d4ddb79c7f72d81a4b1314daa95f3498278c70673e7cffc479c0ea6bf084d9df0fa8d3bee128a0559f7260b545629368302b5f475e21bad02c6b221108af70017d5d7430a288f494a107fecba96a946b8e60716f251d024ef5dc26858f235ece5fd478e3e4858a00b29e3203231328e342fb426b44e8cebe2353cd4314fb920e9434fe781b34b80a547ba3a6a21a93b3fcdf6b151fd9a37f73c2809c355519e9ffeab762d9e8dd9c3b0f96501a31cf3da8a547ef4d847f4684c27f9b1a2b43864ca3c7892fb63cdd5058bf1087d970a5f43a8bc7b6e257f00e004d38b6e478feb110ca3346e46a355f9423442e8e8cec8d357b8607c1e904c92d42661e026a7b5c70ca68c3e8a385f9a87a6154d6f22e7071a18e051837f1a532f1f92a3e6d427b65ba938cec02a4c84cb2ea67bce4b03f97902f22b0b3ca2bbac89e85ce925247b8183bc731eea20c8307098ffe723bd9e26033ac328c65dbb555933f9bd513b8cb1ca056f9a341c65054c6f126c7b488201d6a02d449ed0d3b45c4a0524857db5663b18d568de8649dfdd0af76a70dde846b9dfbbf8607b1b53be354d6f62a2cce1d272b1f4a25582521fd0610c2869b360a7373613486c400ec8dfc27642455622f4baf7118dd8d1790a3d53e980891105d05d427c34dc9f0beae6cecce17ef417490900c577fddd6b487433124b21ae13335660821c9a40f0fceb88ec837a4dcc9f6883ff29bc382f3c39778fcf1049b27de7fe28325eb1a80428aae7e603313c23ec2c9e357456a9bb6d37d53d3e5b6aa7ce99758667b67c0334fba8f2f6619180e277c0d61d6fd554636cc4a15719ff88d60c823be432fceb85ae8179a1963f69be25bede139da2868ecca7f7e45d235b35734a88a5bc79b22226286053af215146c51a1c68450db57f7bbf317cebaf0ac24a4961b8a4055fd2c82be3c77514891d7ac7425d2ec1bc7d3c24d25271c51b91d69da97072c481fd4014209c7b8c1eff69b9856a3b855f6b1d0e2a73003a731db5b8142d70cbd5b7ac3da551c9e773bd5b589fcb4b61fefd5e374f3e71a8f7f9edeeca487ff3139ec094eab207c99ae66f75b3c1cc48f73b57b8c9ff61c66aa09ba849615b74eb8fcd7667074acab51cdc149d7210cd9503ef4cba0d712da5710a17c1a9ad3a6fcf440946ceafe214f9f44dcec26ad7e37b7d2d5103bcedc5d3c3b849cc8e860a1b74208e7dd77c9107a477b022a471e05a469c36ddf8047305ac1ceba144bd30a90b3f17125c74303b45b910cc208cbf7f13380102f36f0a1d48c9652361f97455798fb83eeae3acbc6e18e358f18073b5cb6f6e5883a0019770d4d07ce9c7ef0aec8503dfad8b14063929c618a8375b9551fd51cff9905adc3155091740d9e4810a16dcedb4be09680383135e47fa129c1164ee0b1715d6f8540b70b1b3ecb1a07bf8f2da1c6116e4d1f3232e232d619d0d49ea5e990f0291fd2572d3ad7a2f01530534ee9d7cb2d61ee51f2323d5e19b6e3221139a7538ea4be3e19c1f4ea5d6a5d6e640348b587575582a27c1016306e1558a2dba2f043b195ee343602443ff567324fef9244667d4ddb58e8d9bc572ec28abf8c6b8fc11b8c56435cf1886ea9cc92376852310db5cd60dae14efd7429ebb4b097394217d6c70e1697e191929c863fe272588660d17f94c42a5541a5b28cfca4c13035b63db2e57482d3626f0a4e70d71687a468314ec0858a8f1fbd2a8da11691a1e944613830e8c3f12e877f26a9b038a5491a8aa92310d9164321d1a51dab715fbc041b78c62846e7436d66704910ac2908c8f723ba8668f094d745a268d6dd4ed49c40bf40e4d3a9e421341ec0a736720561bf0bc46afe23494478d38f775884eee6677b95808442c98def3e1f196f2f958c1bfbd2bef9c5e594a6d5c627ce1ec5f6ac9d84555e1cdd7a7a62e7cec151c903aa733761f8686106112f84f4763f1764ae33e91666a3d50d513d8f2dc83ec8effebbb7e937312b7d1d262cec6de212296157117399f67ef3a3ad457a8ee356fb38d2a0e07c7d425f0495cee4737be95d633529f00e95349a3741d4137110ea47f468cb523af2041f5f945e69aa5453e45bce480247e9d0c4c803fc6db7ad429587e3e9ce8c590196f15d282985845d995da3cd0c7c998acab3ca82b0a9c17e459f5972bef545af7190112554e4938626a9201a9b24edd2b489b211878660a6adec98cd43b0d83d20ff9ac52fc6e597bfeea36a3717dc6f582a4e0c9db6787b6e823087771d29dba8cc40d05597d42e21d52338ad7dcaf86e4f5c941016f4700d52ed44fb3f7ee07145870d92a9fe792cdf4eb9f377846fffe56ba5b5bf9aaecd8ea8b903bdc5b57cb426c94e144d6db62c37f7cd2f91ee3a76f26319ecd097cf5fa53161137e8d0261b3e2f4284957712693ecd0c3eac2dfe836cc04a10ef580bbcac764e0cca6c048fade55b3f88fc27862a87f27f7e17207f04402c83c900228bddc13e2b5b7811b458d5af01ced1b8aa14fddbcfe05976c860ba920af90c5259f98fa710a5386c9a7ea44ba101ebeb6d522258372352314c65f8137b7e22ef31de40738b44aba36cc21baff4f7a61a0e7434bcca0729afb1ac3dc819302e955ae3df27552c0024c9da4c1c7091403013db20b2ff131bb320f6544286c7399bdfb540fc5aff009c0cccf24a8f0a7b0b042ab0e31a822dcbdfb722e100d7ef928385dfbe803ec3ee60eb4352954663f5d6291a1892c8bf9c9758d4109b3f41a010b875aa213c316c805cab3ba1abb95d57c36517fa4a84836a9b18f7d901aea5a30b81ce79b87a102299c37f81bd301fbd1fea315a6bb6b4cbca73d2722defb95531fe89adba2fd99265deb2b722d726f56b1e9ac60acf7c76ea1f198a6e00e47bf9727cda1978b296acaca658f5cd23f77d3e03dbdf5872ca76b16e48b9b93b9f31c69478d839746dcf7df483c14bc124cf81ee7b817163c70dd9e0e455af752eacf821761a080a69e3e7f21ef17f8b8b27a44910e993ec4e856174e946c5f8d2a7dd772254f6fdc9880c8caa05be3655742933af7887b6a7fbec3a7019e06d9adc6bb13ac042a508b99bb61db2b93d4035c2f19034fb9415784df3c87f05592c1c0071145a4bbad5f3a9a96610869436ad4649d65dd9099dc9c63c044b382781814d03243a3a91fa72e1b6ec1778d327c09e3f24bc98a6eed960bb1c03943da5b5fa06c6a5dc5a843db3b06cd7b2f757280ddf5b54f4cca0051d6cf95229dd6c3664b86cddb25f8676db7280cac06acec5caef019783d2a92f75a4ce079db70dc9254463d2d3ef91305579a6d34f4d6587554905b70bd7aef7ceee9fdcde8f09d7512c3696b112c3b2f9f227ea9731e0bcbcae5854f7c45e92abebcc80e5efe081059717455bdcc464c50592485e340139539a755c4825b9d39aca872079d087fdcf524eb354bcedaf44494d370242845be07b969765293734aab261934178cbc5f50b184d002eaf9568e92a0edd67710e92b771cfe1f252568ba58188c54d7f47820ec57503e40134d04b232d3c8dad83d7453d49074951e88bb467d76010b2e378713d61ebd3ba69d02916b35b47e0b5c2d825faa0086db33677e599aebcadb7de0e84b7760a1f5cab1eefdf60df1ca56400ed26fe4abb281467da24790e363435de2cb91543c19849e50c1a5cdc7c29fcbdcfc6d8c21eb87826ec36dd0f5332eabaad6e3606c94ff9563cbbbb70b08a32a4bb4b6130c9364240c8bc954e5e528e78481da5ed2c94d4c515c8e230f55912c3007bc3920917ce618992c94254d72948c149700e70634b49a25c8df00250b9a7474ea36ad74a23a13558b24b7f94b6220159b41da9e0e2823851a30217c41cf211794dc91326c596abf01f88ab2438f7d34d31e0b06c4448c05747b4b023f156e104716ecfbab3df0558533d86838705a5c2700d78655cfc946610daab30db242aefc78efd6bdc8dcac24c04a5cdefe4e8bbd5f30af59a01bbae79182887a3faf1e286ec970edacba9c21fe70c86477eacf12b25f222a85a7b9fa68f7fc74338ea019ec5d77555de6f7e55fbff72bce1e66720893a83baa07eb5e24f94e790159a281860a0cd1e308c61b3f531b46ef66eccdcd9f13321900723640474dc87bb1afd76039d86d8fd9937f7936ce319e66686fc51721274f32745da45739079d8d0bbb1be4c233e6472421285b91ace3df25c31ac64f70071a780510b952a25371b2c6f2e37bb32667b596a38916d11e1b5c38e0491827ff045b263c3fbeff6abdfdac362bd2b5cf28422602521a678837a6f6c05504d4a6b215f4074f2155ff1bb290020fbf16d11e2c10c99596da05a6de02f99446b5782f60264b3fc4c473beb90de32a265503ec9e31554e3d6934f098beec51dd4bc5b716694f72e9bce5674e65b698f692c8b77348ebec2f230728b5a794bbfd66206d89c78f2b4c95a3cb3b1edd354b5d4d176b319098361df5d083ce666ee3efe06cec12148a243ef532cd70bffafc4fa3017371a0d865b39f16c91a8309d67a6ff0cdf30bab8126e52f4b4bdbe02240998c297c733c223ece29bb630fe96ec1a90a873db9c8b4d440a7ef496cb84b9b02b47dde22524d0ce8532fafb85c880f7869843309936f7c3e29715627452a6b14ecbaf4019d04c55dbb6074aeeaed7c81532430f5ad031e2e985ec8734abb5f66549c6290319f27ea750e926fb946b281119ac055c45b0095f2c778211a94b9ea836ba8f74df4b55e758eeaa57a60346702f662f8d41ade57323791db56453e94867cbf4095941e550b1f04ef0948805ec9d0f8ccf9106b0278b735a78aab72c1ac10460eecebf4d5ee7d8984f0039a905f32169e006622de533918fefab69bade32e11f904233b450e72032cd530f93ce7454d63ec473433da7a9f97b85324f655da177cc4486633b8ab0019590bf3afb3973828cb8baeea5b5db406b78bff24c16dc27c9738ec97cc70bf9719e78f1f5817f716c1bebde7917d2744db26c6072dc233662fb0a4a654c485dd72997f8f7fb7d1fc6074aa4078eb65b4f2a909ec3c79d42e1cb1a367dc62848c2cb411ffdc177b490d8e6213e854ca5f78f45c47f69e8e850a165ff522fc8e6495df30890b3edd359568361437b36ea5704db8d609118f7f35648c91d9d07ff8e90a250bb1a1f3db6909699e5968aab947142f3b9ed258ab38719c233649e46c04f867fa445983be650330925bf05817fbecb3e32b845c719317440c642275a76244a78079eb341c1b7824948ece138d4558e30d20381b46fadeff9e5037937c731ab467380932beb14a9543100040dfe8d4be0f7fdf6b7d5b58d42701507b646118502336622c74136e5fbccfb6acbfe997bd60b5df44bda83437837e7ccd39f988f2fb9389e8c3dcecc683058af0229874dd00e84b6d52dfab97b968e6834fdb9d3c333dc43824c2a7e64f1e9acd9bed2fa249897a08fcda25c4d7437cd17ca249e3bf1fd9130077dd76595314e8666bc96c9d70913c255a4fff60e62974c134b6bdeb9ae5e5be1738035a89c041077134f0763d991ce72e367b428c9fdd2514a5e1e2392cc8ae7943725682fb7402b49503285b2e845bba3c74bbe24873049702f299afce629fa5d6b37a765b53a4664669b761ceeff12e32f9a7ff13949924589d461bbff69ed4f960f4b04239dc29e104c14e2f0e8a06ed4e30b645432de02557f7fb5c00f4d0a10af4383856b87076450d515f4c17c564fc58c1215f24e2bad5b722a4958486ae321544321d5b1552cf09a92c5422d0f9b439a205aa467a8eef3f12a31d82156bbb0b594cd5b82de488f71cf87b8ad034288d905fc6048d2496ae601ab4c9570ce8ba235cd26069f70d690cb90677a281d5063891dbf4a8cdc9562ecc4d9ea0556721ffe74abdd550b9815f5de0d731e1fc10f30b06b75568bda47b659c6a5dfaa5c26210982cae7cbd376e4c43f7491b40cf58e16103d3223f118bd40a42dab3d4cf3613335812c16035da45caaea93c7aae5b7d9297487cf777a09123bca6f5509571408b19ad6635d9d7257946900920090981e1f1991164468a6a124662f064f5c54f48d0f290160d06c84736c8d92eff0eff983c69edc7197f00db2c2f0f82bb36976aa8d3d3903745372f28e16bc6217f2850a07f311055a014c3b844e3fcbbfa5435cdeef2b254b0fcaf7c6436fc87a9f3d49cc0a46f369ff456db70b222deaba0d6f2406dd4b89dbce086d83b6d38e99a4e142d9d8a564e9d95f937c14ab216a0ba176fd90e3c5e648a6780f87fbd514b40e46abb1c369fbbc4b891cba1ce5a2748fa3a3ceb4443eb7f717cf2f4ee2d5e92ed2f76a77ffbccf732a7390001f00eafd3710727d0257ec1268e4529aedd210a48ca9658382ac0617f6422d1ff0525d99f1920af3ffc8cc26219a1956e0e7be6f0a8d0400fc9e2ed8fafdd0c8fbe770e20fc727c1db45ea5af0ddd1bbc75a0ea59ecca2720e0579020604ed1191af5eb81a4c4e0d5f4d8052b73442020f613034b266c1f33032a750dfc48f743a95247cf7b40f7cddc8e5693b68e3a3df6a44659bb636e7b4097a1b98d9f4d1ed1de7cade8a65beebfa0d6ce84e510f5a65d61464346950c7f254b9a6315d61fadbbb00d23f99fa969a498f03b540694afc3a1dab488d338ba301378c612ca44f08b16e708c7393a4807e5d50d2cad0664af4c7d461a2e90454ee843efe95407be81d40e0f8f6f99042bacad716a3a201b4e706068e8aedf15ee89d83607f8e164aaa028a4eb8e4c959346a6e27007c4b2747db48170b84998299e80b8944a8b887ad2abfd00a4d003e63dc15988e8d2e47b996c4a1f31c5c0dc49a04e398fe859bc616bf34e67bacb1d658412a9efd1f8ff2838f0be00921753ebd189b031cccc347396b6fe46fd9024abaef4204e1f6178a9f5c7cb734242ae77438eb33c10a35221ddf5557a04c8401b6e64222e727821b3d1cc60f56dab91171e05ed12a8e487b5d24adc9361c65d4b76361ce5bb563075d492a0a7a7282c4dd183d5b685f97dbd47cc59a6c86d8b55495eef13678e28f9ae96a04cf27b348dece0b70632937a6dd09e5045c236e30301927693464f0ff7e6599af90c79e0aaea78407bf252fba3db92921d1a20da05ec0064343d105f624c8b330a3ec70ad5f216521f66ac3dd353b1c55c4eecf6eb0fd5b2b2fba3c51d971be1a21544003ae8e00fbdca7b1facdb6faa3bdbb4210337f0988fd9a5008f67ef1f4779548995a4ed3be64891a29250ed1f9fbae9aeb08345eb5a7e2af330dc125a739152ffe90dbb8784dfd4c0dc649001620e7cb858983c41c64de8afc078a950ced660170d390bed9141acfad188894567aea10a7c84f7f171282d1ab420401d70c7a6ce76b7a259fd82c4287040b04b12a5bcbfbca64b313a3157848233f842b553b2ab2b05d4fe83645b71fe3964ed968af98a84e71bc40da2c72700088bee019d7fae9780e43e96a5109fc5d44b226d81609088c46dfde3de45ee1df5576b9b87c3dec195c3835ec007f3fe253c4a43e9b2265aa1d568e963d02e06358339576e8c71ef323e001fa21769ad6128c8df58269332e137df55b6f32a43667e18bbf87d749733230fd74dcaf760d4e7089cb4d78933e2e728cf4d58e152b0e6b1087453ab4d0f666e22ee77ac28fc655fb7e33740f603ab3f27d2d9e42f7252593529416e1a6b615596df86613428a2ef71383eb789e7fc2debf1fa8a48719d312704ebf5143abf3c83fc3f2c40a9fa515a503e071375a58fef960071fd51fc57b02c4f0a68c14c31b68d1c4191d8a798399121ebfc98dac176baa2e85a4a9b2c595f209e672759c7bb54ad01973c4837b18ace7f52010e823e1bc28ba28ffb028b895eb0416ed48e63d6ed4d88c80c602c3bdfc5fb69ddeaf82949e31358ed348b3bf432bcb08e8de1e1d2ec52538394407244f3195202c39ae75da968c04319d7e7e5ec4196e1ad8a7b343bd4f7abacadb82ab1221c173bf72a9bbbb972df9614fdeb6049f79af3cbc38922abcdd0c5160400b4fc3350407fd3ea836a7170dba5fad5c546d663e0819296a46cc078fe3d8c73ff7774824a50ca194a7659cf48ed8774839c9824167f59d16fd5684945e4a4843733b20b2254470b8ca469be998b41a073b82a4b9d24cf942a7a9d648432d6e2d1a8303df796fe1f9ae25c307e9d9bdd406fff02b77a69495afcb836b70625b54e856263dd4af00ec025828d3411f9b706585bfe48a060ca499f26dfd33088e885a43780e10fec96fba8d5915dfee42564d4f84d08bb9cef1298524f1bcfce78b77a9c95636d87aa61cf7a9a4be7af6d9e0ffc311087a49ceb11bae2496a9d3f62023201d13f3a37c71ed1849b3f6c0c6c16d2e68013a2b1db141cd1f59ca45287b8c699b6c32fb340d42d0336cfcc3bd821dca95817816702ee41344bd4c95c639d8d00dca3d76a4fd4164310c78714589b8801b1c36f32eab587ebff741715982a3cc17a41e782ad9d7b1b26bac35604dce8465147f5f32a8bbbdacccfaeaf662dc6af773061d0ef62df3e2b3e9b025eb96db5435e06524b874ddc2cf1373da1288d95618dd4c94223d8ff8cebfbb5402ae7a4c3510cc4ed0ba2904813a72c6d787c17a0248541b520cecfb7244b332311f71f60d01902aea9f81b1835b4e7ce1289322cf9e8db3366644cd6c45fc752d63c3b35f1ab44cd309faae7c919fc3aaf924b70a77f1b87019c3e87f6c6017cba4c80534c8f8b07f388acd0650c72fe2a224c9afe7479b58a7eb3d1be5be760ed622d3e3a69160d028b296885df69dfd50a06c91f3dddc514280005fd21fd92d22f45ef5127afb94bcb88c320db97f40c6f7bd37ccda478c7af3e83247f5588f50ea3467b05cba809931a43479279d6daed48c72fff34a63a1be78723ad8b1ecee1af5294753d4db9f0a9844e54ca4ef352effa1821f592920cc8b245bc20601784bdf6e64637d6ffda67d759a715bf955ea9060b909fecb97d0cab3d5b16e6345b15200d224ebd24d9b1d0a16f8e200af7b144d0eb90d9a6f7f64cdd95f41a9d44b0b56c629e1bae93a7db013a6ad1430bd6c70c655bc5b67bc556294ce16569b9b92fea6a2ee5a8c467ac314861e762a346dfc9e75384950e7455cb03efb3000effe67695e281f98abe53cbaf74735b4ac81687b17184163a90d91e83043212ccae99b9463143e2c7e46a11b3b2ac2a28a7f9ec46e6cbf9faf580111d557ee9516bb13820851953fbd25818ad4adb48b210118741eb20c96cec759c7ec51f76f109c8b2ee921b82b6326a7e5e58a957a75cf32e976ce02c15ede5949d2db0234bef2e1eeeefaed06ab82e9f954d9324202946c8275e5642bd791cddbb02e5770baae79c65b89fc44df37a4b3bf3466eac2855b0670609b13ec8bf5df69cf5e286bc6661bb8a34775dafc086d515a9c08e2061ec81ca0c3c7387042aef5da0af245b47b71027ab48435cf3c1bd757f88020285d01d7db5f2a5553cf4de467f2cd9cb87b2992125e0f9a8638b24e5e75dbf45a0ff3aca780c4a56c2313eba076c854c57d47a5160f77671305a59ef3247425e2ed3dbf28123be2d233f3948d5d6ebd5c6033a7c5dbd06ce00fdb24567aed07e5d0dbe41e13340d3930a28a2095b5b2fedcb9d3025e79b85d3249832e88cf4f28fa0ecbb2f28def5ba3e89d6e53bfad617f7357ca16f9cf74509bf66c5a0e23891ac41816b9f362428c7ce3f64d3f8bb0c2627b9cd1a2824f6b314c475759c4a57ae7c4ec014bb570c16794e20afca41736397e02779531fb2b002f0df69c70e360a618bfd90d0ee64bf5dd6985f8cbd6b5f7893311627b950a93f722882c9ecd56d913aee8103b81d4dcb5871c59a2a1f7e9df8a4250f1b8831dc792fdfd9dc2269c264da554609feda0c2827e2f84489eba86372ec6b33ce84e9464793aee6c49bc63ed234a9961a7ac8a32d46ea19ddd16cda0c16fdd9399b112ab71b218fb4823c215c041bcc1ddddb058a9e28a4fd97921dcc0d30a2000ce47b6efe9a5856183359716071553ec899286ff45149878054a2d1ce79859cb021f871a54f05b9c2f37703aeee2481615b2b9ec9541054b47da800256fd4f8539af7be2ed5df2c25903f1d4cf1c129b6ea03be13d74cc2f68fada2e115c2375c2bff48874d0d43e7fb3ef70e449a76bd3cfcd419a4d9acf0f25236ddcb1c044cb1bbd86e25833572ddf6322d09c161901693e8a468c9db5626f44f6632b28c9a316baccc7487d07db08e997373df0de937f470ac7b75e1350e28aa1d9be04576aa0e6f82b483ebd455d9099477f9189b9305e7d7486ee0dbc6bc0c7ae915a8a4c2824e148e27a12162adb3f8cead3cfee286c91808db30ce26e65c2ace05f5d2d4638aeab0f8a27ad8a64e79c8ad60325ff04412d06fc4fc2fc7d2e5f0983653283276723ce4173735f9f3cd256e0e51f0f5b91002d94d0da0eac7d58354dbb201e3590707f89a3dfe3c9594390ba4f21fe7dffd0aa27f81db8d17ffc9d8f223b538a18ea694c6c74df9147286a2aafe959eb81cc549a928759c66a62fd216b9e1fbb92705b4be2abafac3bf4e810be25752cd9ea8a9e98c680655c0405b20042a42daafe94eb96b630d1161192052de23fb42851ebe14374d095586f9275f8e7097a608908c271e2e98c612d55ad9fe1db4e0a462ee7768c740cb314475a14bf3e8038b6eae8b64b6616b69dc00e880ff8ab0f4333adf02252dbd69e9665ab73793329fc78ffdccddb3d96925dcd74c80acb52ccb14176a819a3acb217b6090a5082d43e4c1cdf45ca527da3c843009b3c7cbeb3f2cc33f457a4cf3fd5c7d555dc9566cd13f8ce81602d0d397e277d755e7e805bf179aed7dbe42d8304029993bcc42e0b2981aebfb46fd426b5bcf461d1a7cdc0b7377325aad8a93c77448394296d956b720e3291cdcbfd3ffc186cf699da85260d5207bacdce2db547c6b8b59fcb32fbb2c6a00820b4c04cfd2beeaeb25048083819b36cc75024d00a62af914f3d0e778e4444ca27d3fda539107e579b19ff1ffaa1f9a51f6a7c244ca4055e1378a5cb7ce7919bc592b3bc383dd7119e664b0fa8dcc877068b3b6239a32b75658d08598582e02e77a89bc1394d2225ff859980e0922b25017d46a23113547a7e3fdd088a57ff55c4bd1721e481163e043dca2322e830094be16ebfdbdf5f7ffdf434b1b98a6a93fccbb6a9bcb554f72200fa13ff2a462c81a7f4edefe6754bfbb8a27d072b6b8fbcbe149ed82b8b14077656f541979061f173e720c1d79b32dd34c4d13cad454435654449268afdc324d95f2dfdf814eb50dbc33867ec6610e0450a695ee25e8e45659679b197363f9847dbb2ffedfaeb0ab2187de2f976c116b89697b2c90cacf833a098ab6cbad811738add95525340a3a106bb30a6999307b08db0e128d727a8f2e15322cf1666d610613d2633cfaa5d63b3fb0cae0af86aa99740ad414baa329307c9417d952a46d20d4b76c66ae24a85d5c42b0ec61e9cf4a971234bbd406ffe286680b109e5800935f24060befadf178b8cacc288ba1f8ad29e05b583e2b39f96491be5dae15473c66203809bc9c25d4f2691f0b13cdc456c5d27f47ebd9f9513f158870252b244a0f314c7bfe48a1a7f4006f6f6dd4863ecd65218943ffdee35060f2ad377c99e1eb41922328a50adb359d8262d0f0e8d20722f8790621e2d0141a31947b564c019284bc5e72ef41f22cbc978141cc4ea2c60904c1edd9326d13526f2e6929e9627077930a62531bdd5a8f48f46a1bbe743d85cbafd4c2d6778f2032e3f14090ede192ba1a24df897b82489aa6b2efeb43d1c12515db7f94d02c1e8734359dc8d60f8d9e0167f07bc163e5ae1eb1223e3f2e5569f5c806c3db3232a8db05009ac19b48ed96fdd0f6d790a1dd9fadfcbc6f6d17c1e0f0897093ab015f3eaf7671a524e32c8dd07001ae5df27f47ef2f5627ec625165690da3d09c795475fe06ac3d9a047a588b089798e1a2c4e9cc617244f2f7380dd2e542a1d12e15be4358b41b6a30a03dab968153f6b983615ac336c11afa831294c47199b13db31bdc06c66aee79c8318cf8d4fadb1fb2c771dc365366dbe57839eb12a1e0d53da813d6b6d6f38a02860f0474bc10d88e4ac76a78d35a358e079795ca7e4b20d43018fe0d50967f669e62c63d0e0288c87c4172bb452da2da24c10a3ab6f41e2af34cb3e6bbbd778238578bc507aff3fbd9d9c6ad8f03f925812b0bff0ffe442abba67b6307a1ca8feee05883b9faee36a14063b7ea5bb8104c6f3e69140bd1278af92e8f097618d80b1e0291d0e93033a8d67876f17af3c06d9316dbe7945846a3cae5fbb979a3b1e072665b18bc4e010e0115c7c801a0c58fed00003b6be7c9d7dc4d0c6c67476c49d4dfe790a6aaeda16a3aca685d65f6fd910aec6e745b5e6b67917b618b724ec241764cda5ff3322eb96d144f4854b66409d19fdca9b451d5d266ccec40fe0af719cfa94d957ae067262d3fc96b51f64c7d63476a9e02d4a7a75a3c7c6303c2d3ab15b0dd1dd0a726b439bf8cf7e4d80d992e60218e1101c72bc59402e9d77ee1043947e333f96862e908e9b32e5a5036426bd3a8491b8cc2ee8a9bcb9354b887812041d4f323ba5a1d4986b5a73bf4e9e53ed1dce6547fba90b65d3f1f17b1b1cb08d548d60900160b6f5c29e4d3a8c5125f58e8d45d36509690f3541a39ee9c59daf5f6e5aba5750cc6b31727c3c6a9e14e2a607d3921d11cd622e3d058cc403c6155d63a18171fa7fbea95ef8e0f538f4fedbc8f8ee5bf2a120a080e99a612a9fb9439d5dfe80c2b13a8239196f1480fe3fd280bb2e8ce07883c90082b679a1c0cfd9dc362d43f316ab2c0a9cbc0b7c5d2c299c9d0659d30366980a286e2e07d8204661f1cd81a7f89907d4fea41a73bd66be72ef1aba7e63100520cc3eed5ddcd9565c20d5d58730bc3cacdeb03f22d6f30145f9957640c67d73eae4443f36324db3e3c1e06fde7b010b4d2d6c696a717e613955f65e253000a3dd4507e20095649d98021b3e017a92a996d880223041c99b68a9ab1ce959097e8960c7ce80d20a8eefb24fa1553cbdc737b258dfe8709675203784db3b7e52dc47122330db11802dbb975fab26b3afbaeab512a75ca1b917f1c04d2f54eb1c7c3472547032258f4d351212b9097a81d16d71eb88a259457a1926f4c90ff96505ae5ebda31e81c6dc5dc350d31210a6dacdbab8fd738e284f929c9e11fa4a3489123fc2fc8eab5328a8c7cf6a5ae27af61f0906276351534e54c6e1fd8aa2bfd893c8bd5daaafa6090622d81a9b495f3d64f79deddd77ce8c65cdab192c1e27df043d9be67859429d291dfa5c0dac8f69f2fff42f4af7af7c190a97534a759c8c5d2a71efbed352fe37e6c638bd0e295419d9feaffad49a2013e0abc25c925a5bc5436b984472b140aa650e7ab3b16c8b5911a36cf2c5b6a31b7f23224e7f6fb76f194deba5042450da0fb1ac45e5f67d1afacb9998efb33d396b644771f6395b62502d898095102e18f3d3d6544cb7db904aff17bf9657bf8382f88465e8b68c50db957ba2101d99c45c8699055545e9c47d4e1e7e47c838c42c28238ea2d96a3e8742ca40cb939e2cab744927a5c7a7e5083c29efe0579b7ca029e5a221c483461273c4aa7784c76b60124972df97908fe254348b14e09ca210cf19e1a37d335268df27023fa18d48f8f0fe76bc43897a204dbf61cdcdf3d2d5ee8293e692e2e5cd7cd819ba2bcda9f17e8266c7a7fd223e92eb7657f9ea1d8f1ceaa871d537ef0490329121b9dd565ca2a9268c0f99e5edc90ef3b3e7a38fe8f302e0084574e1c7a8d2e0f78249372b4f3df14f73c5c401b3ae035235349a16359014bfd5904a5ad7435b368b5b10676266228b02427bb064bbe02359ce70eefa1d88548bf1ff8baeb64d551f3904dbbfb7914554cf1673ff5743c01537fa68db0dee42e341499628138a709a402f0154b861e04a343388c655fee022183fe99057970d2a78aeb1fa212ba478f5d15b5564f81401df61a6b9aafcb393241f3ad1a8ed5d922cbcaa243a89c9325df68072066da7d0886e603e43422dfc21b1c70f6b6cd40c12c0004f364a5cf536cca7f8903afe0bb130aee608b68525800d7d5ca7d10ec64593e1629126bf1838e735e0a84520cbdcaa087f18353b1934a0aaf45f6f22980bec5e5d4b73e080ffda6a10b59236d4bcd38b23c60e7fa88b2b05dccee70e8ecf870dacff88b8840d3dff09597dae351192cbc2127febf665d777060f41bad983bcdccad0b1276ac2d8c5e45206871aa3c0e2a285c0058319e8679fb46db429081b0aaa17f49234b273ac375d071f52b314d19966ff9e321bd53ff594c6ee082210eada63f148caf56d822e51f5f78c82e90f907306e88c1d8413e6935696906aae30e3804f0f13c4f4bf2cf0df958880ee32ee7c148dab16dcc8e9ad9c67b7600f5084a100a8f6b0f989169d8b49b389f30168f66882153bb5df6477fd0ecde6c8eb9ce479732497a052d265136e6f9a63a962d8cd419d0b0714bf1eca66de3c5b14ace452aa51b2c78bddc986a3f6dcf53d7a5c435c5f90021d8ce15ed25de72df765e0fbae61441e4a2d4b3b6f2b002d7ffd10b150a09d6735ff1de7ce4e15076506632106ea2d02e7a498641cec8a4a2391df45bcd25a832359313121bed297d38010eddf54eb70fbd06a0d9fb4a20380b4d2448e78da1b13c7d41bb9a659f8698f0d4848729bf90488cfe75bd3d656c1f938b0a50143117d1f8a6f45119141fc75fb4a5f1f85dd97f539847c75dda4a057fbc168b1ea3a375d65a6abf7e61db65fae645e8a6670155cf7b58da0e284c967456608bdf8fe4acd2c748747dc473b0db0ff9a8913934924c1570837f693cebfcf9c94aec41a055d47ad51469f07f348efd90f11195e4db27cd4b3899973ea97fface6e0f09ca814a45cca24c29546900c38fa55192ccefee1f9a1061e5477c712d8764c21f9ed3e61b09fb1a6595fd61fbaad316f78e0801a8689a5153f11f2f4ef8f6b877c9dca84ef23312fe8a7f37d79dc4233bad79789648df8467b83e669ec322429a75f62148274fb4886e4163664ea473e88022082f4880f5108acfd1f3663f94ff2591391e086f60e1d759f1c684d6a51358f6a0107674d476f62e5f12b184d4ad35fa68fb07dd833612613dfe579a92106afce945c0ba08e5f78067b2a13b23c05f19df0352a0740836ae947951f74c4714d1b4aa74fcb563b9e57d0bff1a6d991badd58e056516c21ed23c542b97e448007e87bbb8ed0feb83fd5266ccc8ec1bddf2a937494683907a4404fc4386d0bed024f23635d526735f900431a85aaec923f7a41e09d6b9fa50442e5fa1b6a369b15dcc45640ea7416af20dfc65f6d3879160a08cb845fb03bb3f82b2a0bcac93b425b798162c828322f5e28bb4dd15a1fafef1a722ecd3309fcfa760dc6e927dcd4287419b749a3a150b69a6a7901fee4a8fdb7b5bafd96be9a66d7b649687b8ae17e24543c324db7a03b734562545f1962a1f4cfb4d38b24e6a9278cbd3fd7775517091bc03de22a4bb1d04473a3709f599d0a521b16c0d6a564d7538a18d23cba6aefa7f9cb8eb5693238449c70b78d80591078972ff928e4468b3041ec0fdaec30daacc3a20c0b5f274e652b5e20b7b7506439149c4376eae5b0b644cdb1ba11ba7b79c57ca9232efe4a3e6ac0d64f9f5ce5ec02efff617d9fca0df8944659057adff44fb0794188b22d08f6d7623f7ed31b33c66c252f22a2110727333676323e2eddbf72857f09407ef3d1fafc46f1e932a922684623c1f650cb357ce4d745f6939d2317e9e5dadcb8efdf69c9123ac84ee1ffd2ef7495e74d423365286042b2f70d5e2573b9d93e1add1ed7ca511533e1bdcf03c700a957e8e406c90741f9261b4b44b19cc8aff2809257e3fb93b288382a38268bee9ad862ce28bb45307a2b205bbe9fc6e1adda50148690b6a11087f8e05cc0ce31ce5a6a41f0cd70349edb36774fec1f7d284444800adc1e04ff4b10b98820dc85d1d0c031ce8421042b1a51a7eebc8a04a0c01f3a8c4ea5440047ddf1f37ebfe6d44b9db1b49a3186ad0cc610023c488919886c92f22b3f963a7513030f801fbfd4b3d19052fa9fc96f73086314fe5881f287ff109c601717f686f320092eba35c9cf5cd433a2eb1622e8c0782cc00bb6ba548cb7d381968868dc3991f5a1479eab7cbe65ac0fbbd8c0889fabfd8ac8646dbc03486c5e6812424f59dd8b2e119b94e6540a9d7c7864e4f7d53ff50291d10a5b9792cd0104d65dd80ba5f2a1de363e49662cf722370fe0706eb8a6d60e044735e6b69442513e4b733284b5b1550a1e632ae64156e446ea6b7cb9a6f89ed222f9e9f5d436c5e057999c079d37f669c57d8f7c1fbb958817ff784ec3f125124a3ba123c2057513202707c7d61f5e0e805bb30415488b7ba119662dd7bceaa89233e601184a92f41d9177d4e0cbdab5651c5479ee152ab5184c38b6a22865782e2b7dad5577c796c24dbda0352dc12f1c40a27a0edeef1a6dbf2e6b64a0465d0468c7ad46b77dc90b6fd532957f0f17c03c5d68d82f8a3efbeaf35d3e115ad479186bdcd500267f020a1b2c2385211d5a55901e28c7e466c1414ae3aeaaa4ae8b02e4024e06cc25ab3867c3b3c26695a582f6b53ffb5c2d83bfcdd5936353a2e1a4607d241392b7e7ddc869a7833b2d1f4b8d11c57eeebbb2ce42e00c75eba3cbcb0e0de285ca274757a2da7b877c9b09346e64cf25133962b8a89f78796511f49baaa0ab8d11ea954a10e06e9dc611944a81fa66a15114178115ca60bf6a97c9ddce2b89af17edf1859cc1a9bae4bf5f5bc45e13065b6dcdcfff94c9221020a7d884f2e04f43c727e506c51ecffd70436e2d202639e73e762c320802b4cd17ccc4311a73464af786d3e0f6aad408c1ce2e102c41c844763f1c5f2b390c0ebd37b51300db2ae97a96775595f86850d06d45356c04303346137163d2950236edafd09eed41eb1a13077ffbf61471836d53368c94a7d0251a7053b315ad42f143cde5d6040c19ad23b4934e3aeec1f02d2a835a24565f79493f12b675466675348f313af4857cc5cf490c315a9b9a66a18b2956811cb2607647ec5b7762e1c54670001b76fa13a22e7e562a5625478687c724a0bac09c0dcbfcdc4a612b35ce565cff5a30a63fbccd4439d6031ba43f6afc80555b28273f88212d4883e88a230fc6fe4ad95f6ed27e869da7228cc33ffd0dfded85c005610e28d97c03d7afac6a6554a10bad02894a727c95b479281180e12a3fa2da4f4c85a3deb11ddb0cbe0f5f9936bf3fa5180ef0547deed3a6a0e1945b1241e1dad15476c38f3ca6b9215482d302f99d81060b483f172a240ecd50465ac9842a5dd54b22d83c9c29c6521fc0954044333821c2bd60c0df7fe807f543918bffaf70029a5aefe4896b4c6691ee7eaa4111e7343f66c67f065b762a7f00f7c9f1d137aa843f65cbeba733a47081f76d921f7b210201c33ce9f2cbb1ab7b4e31d3fccf8e9ebc6fd46598e9599c7bb806792c2e077656c803eb8e844d0b15cdfa8e77110b6b7383ec1880c8b4b8e1491dd53e39dad156cbaf235912e8843f6e658c9c451ae0df8eb7462771cb8f503d1dd035e4ba13bbc3b3ba30a433d593a121f85226d62f720eb7d06d67f6d52a09905af616bc3c238ff87dc4482d7c132661bf975866cbea9e26259318fd5bcd684d90788be2eb593ef07598b84c7dfa90e4ba5576e7a84ea8af28e0359d18ff3a43dba20139d9b8b95aff5ce4ddb38de460152d47aff7d50141eb28dcabb5f23ccb9278f83be97a433ff64025c9fefe036635c46d09ea237df0c3bed0eff1b5e692d4bd2e827aff320dfa0e2ca5fe3337984575b90eefdbf975a014a18c5192761e0a235d011a6da11f0338ed7a50844a4155a1c9666d3a18bb2ab8c750240664ec450dd377000a690cad2a6c8f6d3b1a1521be0a1be8d7f44fca76ee4503d115f92c96a95b3dd1033c29e32dc153233b09b4f2c0d2314389d329cc141ad1d38e9639e3ccb696efe79984532d7fa95a181599e4d823db4c28da72929b50037a435865d132b65f7818468ffb5e64632aa7cf8001e2d089c1014630df41a481c00692bd416b747bc26d85a72050a00ef33e59a8e3d5fee5f511c9115f8206de79f18948fccd1ef0c74560a50d6faed001d567d78974aa7002682eb8db568ed604000a446bdb7631087727c8e86748376415a4c3880f786c1d39e2f999507528bc9f4fa3cf8c6d039898285f82c34e2b959ff776060316eb438b214af7016e00992ba311432c54baf749b6a6adce5796604b2e556dae630585ae113cc605a781ef7b47add1990e8a25e094c335279ff7fdd8bea99ad4a43c9911b7a84115df246d0a624314583ba7357b952567cbf8fee0e44333f30f2882cf0dced8b832ff6a0deb07d4411d6b95ba6c1d44e594c3d724484e845612917704abf40c8ac8194f750ba453a37c077002c0f672d7050098c8ac88fba6db39aa022bcab2cc13f72876114d1aa241dfb0b9fb853c6db65750599e6fd87805923a0f51bf9f2d9ff20cf83c86e1fcc7801b56af09585e18a7eaafba3df9292b6e083d16327923ca6c9a10de84000505822bded73b49917f885c5020a0bf0124d7fbfa3ab9e0e8317629d27a9f39aa7a8f01c5171a0cec290a8f0c322f779963724a68a2537aa6fce5b8237efc7a21ab41762e0283012deae131b48f6abf720f5d3d2da9eff4f5731108d5ae126933f1452a8e06e4d0dae58df560bd49dbd8527ede42f7a3dd1d77ac5435235853e4f50d571af9d872e19ef9325c005c28bd909e799b5c738832c0450a03c976507cc7829c61d4b67ab193618fb207e4801d4828741419e79cfe9585a3661bbd11561c5cf5fe69358d407e649790bac79884044dd4d7de0579df97dc6125c638bfd778efb6ea1f0eb8a8cfea1bba06dbb51e66e55ae785c32b11da71f54b5b9f2f05b888990ce8d188dd609caa53e11a0be73ec86bfabe898f74c7fd49c91fab4028503388e69e071acc34709a09eb9ad15c087dfc86caecb60964df308c158ae36cd574ff7a46d1660f0ca8154ad14335a59409cb95b7c97c4021befd902e688abe21341a640b0b1743d333442497552a30d214fab0b1cfa46d62f6654ac90d4e4720001c8bd8c4d6b92b1bbb125e7b4b1fd96f6eb44258d1d23432b06d46353e81b9c1501791c9a35d73965431c15eb51afe65807e921cb0fb4a08b72428111d48db4b42d2f36a2d887a10534b754ab3296a7f53c1ce8e23052bfde5245d59088d6ef671210d1617c9bf945bbc32dc42fb8027678143f47ff8a48b4ce31462f3e188f66dd617843416bf7cf149da875bcd8c8b74b41f1fdae79838afcded6fa9f4605542ffb9cd1de91047099a83bae38fcf260791c0f3fbd6d85a1c1edf609056e06b5ec9eaa0369685e643aaaa0a2a89a4b9dd32731092082c763771c802dc9b3034c809eb1578f1eb99367e0ada490e1baf34d63d9d074e228bede3876c8044e1b8fa609124918a9bd32c2370980994b29753534262745805f214148ac067890b3cb26974307b6fcb12e87715d34b2556edb044e1414a646301a3cb911bd7a21da89e060520afeddc9c69d9b296161efc0095982779f21a0de8ef468d43c4306e4d312e6b6b30d770284fcd925a4f9d1dcf3afabb0a69e83e191d78004c189d82eb12ee25cbe02fa65b4569244c1cc935e477fa307632a821020a0d4a9e47abf65b0772a3db0dfde533bfd37f83df5991b0f883067862bb1aa715af7d84188c94bc17ddcdb799fae50fe11bb62f41c7ab5af82ce8a33a9e5099c096f56abaca7bdf174cb1223f712a07ac62fefa772294cfbdc12a79d163dc90b5a2409a10a53c0e564b18b9c60490568f191710ea50af3e32f6b05202a94ac3de7d034f602ab646edc6cb6df012a27468ae046707af2f70e574f6b94ba1f15f0e2e85a5b4179b447170c36482fc444ddbe1df4bd55d826feefff55d56652bba29e8356a29f25495df2b0896dab41c096e8ad6e6b07957ecee4584966d3ba6e69ec9092725193a0b97942f243699ab0d9367d865ab687d6ed7e56d8e479773636b6f7d79904213a7201d735795b9dbf65b18a613cd0512aa13bade9d46ca0a1fad065c3fb01bb0ce93e693271ea22cdceb2a9ae762cfa26e5251a1bc1ec07952720396f2cc11f10e68e578fbebe515b4baefc8376d68fa794c17c539e0c7e55f6ed18b7934a2683e65c5d9f6c2b2cced46769fdbca5bc7b0424dcdf14798952286f0d7c92960768ad181f89103db70425f78279bbd4380efa30f9b7300d55daf91139016844166cba20ab6463b498fc5d51d7a7c0e60067982a09ceaf55d86ec518bcb6689db1e1d970fe35d02ce613bb5c5a3f43f25b4f607fb13d23ecedbe9827d564c8522b9f6ac4f46701f5cb07706a370f442681652141d37c95c6dbe01aeceef85ee819ee0b70953488c56d90da883efc89d9d35e03e7ee1c4037cdfe37fb6cf1347e8adf789fc019dcddf50f03dfa70e3363311e8870e479c7b468c45a871166616983c5a4e7ff2fc1ed556815fde090eebc068bbc1aef9afd82c893710357baf9aae1476ff9723fda085b1a5dfe23b09383dd2347e1fefc1f5129e8e4e8fe813d6f301334fe29fe9a424055f5fc9e36eae52e2a07e90b34827f68d797153cdc0006e147fc42f310a5c7e4510ca48cd58cf9e5dcfdcca76f9650eec5b8ac7ba6798c0b7f52d0537b5ffb3e9a6510f0d6c647bf7764411b367e0eacf6de00e5c167da995fd758e4c9afe1655b8345e5983f2c2f23b4292519b8f47c84e2759e57e2ac5e142123a8493260a1584951f0b0004c71da601122bdf3b0e2714210eecfb7c8d487aecfa0ff8694287e255abd18af5afee279ca2a8adce6c225369a079ec86b4b3ac07811b1ef1b0983d5df2a55f407fe51befdfdaf79137c27d96dfa032e717350863a99a7d5b63a69fc603d410a1f365ec71715330d7a7503037afca51c9419d89400184e96a77cc3358e8b2fe480af5284305e99f0926fb9dc0d8db05094e98ae50a18354aa3a6e26405902edf2e3b62c4d533f89c980ada8310271e07b3442a3504ea55efbff0d1f5cf60a7d1ae9a887830def140df991ce870300074cfc67df7adfc042093a9730412fe26b157298c0cc24740bd71d263fa7d49a863ac6dcb795a040afd10466859b750a04a81957ac8dfde93bfec2623cfb5c49431ddf340771dc9a6ed5c16db8cea0a0fc8cfe194d166258b6a886cc8287af1875c5a58087eb725c6746fdfb0b5dfd0152192fc399abcf3f0fe0a26978d776eb27664f6c20da6c1fa1ecdda3575ba52273ff353fbaf5f60f7e4013a24efd89e373e6b1995e4b02a83429a666a0f9e5e90e35d963081aefe403bafc6aff804fb8fc05fa1ae16453f65841b09b07b9f3cb9bde4d8c13d1d05fefbc1fe0302ba633759a242499fbb94db0c9fcaf363f6596bb72c969d9b09b4ac4408135ebbe99a122595ab62db19758b27e95c60f3729a7d21fa3827a0e0eadfcbd937d0b4ff2d9789d297b827ec520326f8135600ce738cb396c27fd781e87f0cfa0fb218e8e8bbc49115ba9280174e6542880253200db3c02c3813a2e927f36ceefb957a5205c023e40bffea77826f55388b5a874432a0cf66b0fbd084c0c105d4fa51a64264bfc1a03336b05971f86ad22470db984000008c91563ba36f7d6f95496feede56a3f1b095116e014087b802e3b9f40ada1c3971458a52f04add3866d9bf34910d76f2a5d40aec4e725133a1da1e30992656843fa7793a24ee5de6ca4c400c1b975fc4a8aeaa9a64b335195179a247a985aef5f8a4009a78000015a80edbda4efb570830149a406bbd258e5275db558559c30dde4cb083ebce2c5a0e277d08f319d7f892515dbb40f216bf8e9507d62230a79f9b31c21b8eccaf926d2304998e204f2a1d8ab526d7ddf5708331ee5edf03428c4e9e4ff7af760880ab696edb41616fd14f817613af73c1d1bb8341cbe265df53c31ff490a5159967a13341edb000006243a62ec86f5fd2005e5d8f34ce37e40858d07a7065ecffd4d07269a9857ab6626d0db2cc3447f6d2f09f74ec7ad549ca974e225db2a1f52a875adac6ccc34b4d363b5e7514bd548716b24314f81ff31f6ff8234ab00d0ef6e116249d29a8f53f3335ebf7ba3f7db6eccc9fbbae3ac699f2b0b2ea410276635800000b545dfc5f00b272970a9a7936d576a9b2ea5a92f69adb7134e4ef19ceb434b12a44edf0092695910d10befeec47202f4c657c71dfc2f49f8b0ff6abaf3fd029c9a4ae43769126801dc2769b462587adebc9598ca6f39649a7f6472be2050a0d4605d41f6b05b923bb3ba35006139cbc5bd294a5476d90ce000078b019cc87d582b31430ea4a593d5b3a9fdba2b6bdc3086728d1daa314ba310bd6e599db5cc818af9456ef7fc51e8d9ba271d645a8f9a6bd309e2bab6f693b195ab2d965f75b9c8658dbed110af10b3f5a1cda2d33b79f4fa5a6ed4cabc0f2e003ed71c367b8b2ef6956036bd90f34ae2084a09deaf3bc14e758c106d43214e53bf873b0fc25912b089a1ef048e516a56f3506cdc4c815da28eb9b8875c0de24d91a76c14c7610000012de59aac057794dd38fe2210a780514d8c19dd128fae7396cd050e78187102b5e551d877a4d9cc95357efb1437ce968ef310382aa4eda9403f13f0d1afe7fe9f13e5b5408cd2e41899b5400ef7dc31d94458116f727f5cf4e69b32b94c2fb650a89187cdf1d7acb795e944de55c0e3fd310c3e6444736653bbc66f89ad19475c0bf91eb58c6c18d001b866e4ba6b210795b3af65b3b16663358f7bf5d2dec1cec711ca2c0ed6edc0068fd967d69ff9b5ae30932ee23cbee2de376249a99b230078265dbcc7e65737236fca7ee08567a6e8acd85b585fadc583ce27769d20d45dd5bf9f4caaeb9d73d7afd1e5ab6d28b2d5214be9a555f6a5d3afdd41d18872ae93dfbba2fac8c222471b669b0b63c34931c3b16d9b5d1bbaca4d36657091a5c70349a150456f0f306134d3708f665e957154f5bca755ddf8c73a332cf7d1791c0000000a8b6ab3ab7eacadeb69dc1f4d012ecf74bc8cde381976faa6bd8764f9adb99cd07308f2ed53632e6f554664f2d9036add61531be494d6c206087651e3ad6cbaf13b94b09714d922e3d68f4ccabdcdbc6ec27b90a3f1cba4c2f17214f6acfbd8b9022a6b0950050f967c41edae4d3179852327b56d94adb10204b7a453830d6ce030a0b8790f6e805e7bc287e551000347f182dea99402f4598f8f41f345f652154119d2011936546c4fcc8a7d25645b4c58eabef8a9328bc352db0cd82fce1eb0b0040ffa6427a87676b841c58fa2b6f867e680c85ac8b6036f8785f723d53a1c82ff6d9dea9e3d42f2c75ec51a235ea81d99376a13422e3fef7e282385af2bc9166be46784cda4a3a76ecfd82522762c7c6789b8abc11a4f277eba65f5ec4fec2317d11d6c0ef8835c22c2fd2c2f8a22e51170e488754139d0aec371604b1096d1a21d6d75b165e14ad615aba49f2fe002e34d7c4a72f7b07c719a7994bc7152faf24cdc66b0fa47c6a38465c2e59cb7a28935c3831a27eb597e40e235f76fbea0e2508cdb29add43cce008cb6606fe207f21e9c261f55eb73149d6673cbdacb3f251ddc9631b49b2b6a45b6dc2b23f78911f83d87963330a1d30ac68f2bd3ea85100622614496b14024f75ee4ff63a3fa68c00000071c534c1501227b2b83f422de6e2640e34f95db1964173872c0996f9dba7a5eb75a56d1180774896953cbcb7198bc2a1e3b1cfc528a2cecf7ba4b869223e6e379e3ffdeda96e3ec1f7f6fb5fd9c7bd872541a4f2ded02cb647393dd43a88948606a1b8aaea4420d45a9ec438b40c81e42f334a1a302c287d437fcf415062a891ea1ba8bc88f647263f6045dee071589258a3d20698d953af6faca67b9d3b95266c47cde535d71530d8d7c6a54f566246a73611048e209b6a823f036862fe9911d38c2830addc6e9dd10a69666883e7f454e197c3c228840304977429b1cd4df216ef7282c8b197eba40c2cc5a315501f1da39a82da859119aff4d7e1db790accbb7a9e8cfedb969ec57d8e253012d0639c1c9539f26886aa90294f3d1551c7d0120cfebbd853cad9c3db6d6483f7c1b954ec23d128c4b72d2086a9b488f9e1a7283ca368d8f0478208b530a46284c7ede92179b2d3b2764f32080000000000635070bc0a75b7b9ec7c396933d83c75fc4cde8dbb440c5665260a2e2548bad918d0f0a33cb853ca14d6221fcb67a4ce0b3e1662ace47950f6c9376930d2eaa12b85c82183abcea241c37f3f6ea65b18d2f2af125d76f5b76e0a9d180516f1a23b58d87bb96ee0a5009899b0d54c99a39b109d588304b6babf4d96e55721a2110c59163c4a17787f208d9d763070d1a27878326e292aa17f9c1d7586115d043f95958558d3c63dbe52aecf871eb07d64e1fae24634aba46912154b731d8e40dc970f47e7efb82ca0e26210616d576f635bf3ed3e519cb0df1d73dbbf05fef46725e543e24b4d52c07056bde28de2606336e5f9ceeb6a6ad92a41562fd9422f398000000000000000000000000000000000000000000000000000000000000000000000000000, '20 Rue de la République 77340 Pontault Combault', '', '', '1990-02-28', 'Actif', 'Client');
INSERT INTO `utilisateur` (`Utilisateur_Id`, `Pseudo`, `Nom`, `Prenom`, `Email`, `Telephone`, `Password`, `Photo`, `Adresse`, `Ville`, `Code_postale`, `Date_naissance`, `Statut`, `Role`) VALUES
(3, 'John', 'Dupont', 'John', 'alexandradelphin89@gmail.com', '0601020304', '$2y$10$5RaC96y.3mYz0D8NO7cPV.FuZu8QF.iJbkyE0R39PaIAqvRdXF/OW', 0x89504e470d0a1a0a0000000d49484452000001000000010008060000005c72a866000000097048597300000ec300000ec301c76fa8640000001974455874536f667477617265007777772e696e6b73636170652e6f72679bee3c1a000017a149444154789ceddd7d905e557d07f0ef39775f1e6029463498f0a24196eceebde73ed9b0241a10084807b4d14e5b627530d48e536ab11254944e1d0b9d519a61a68a1d6b15d111b5b5a1625b02322d250ed5f8b695ecf33c77773348226f894a5ec00d24fbec73efaf7fec2e2eb0c9dd977befb9e79cdfe71f66927deefd2d39e7f79c7b9eefbd0fc018638c31c618638c31c61863cc4e5bb76ef5b66eddeae9ae83e9237417c08a35323272eac4c4c4754288770178e3d41f3f4644dff23ceff3beef1fd4591f2b163700874451b42649927b012c3dc68f1c1042bc3308821f145917d3871b80236ab55a8f10e2ff009c98f2a3cf2749725eb55add55445d4c2fa9bb00560c21c43f217df203c04952ca2fe65d0f2b076e000e68341aeb015c3c8f975c5cafd72fc9a91c5622dc001c40441f5ec06b6ec8a316562ebc0760b9e1e1e1ee388e4731ff664f44d41786e1681e75b172e01580e5e238be010bfb77164288bfccba1e562ebc02b0581445af4e92e40900272df0102fb4b5b59dd5dbdb7b20cbba5879f00ac06249927c000b9ffc007062abd5fab3acea61e5c32b004b0d0e0eb6777676ee0670c6628e43447b3dcf5be1fb7e33a3d25889f00ac052954ae5dd58e4e4070021c4f22449de954149ac84b801582a4992cd191eeea344c4ab450b7103b0501445970a21fa333c64d86834e613246286e00660a12449320ff17030c84ebcacb3cc22823f69381864215e01586611c19f341c0cb210af002c9241f0270d07832cc32b008b6410fc49c3c120cbf00ac01259057fd27030c82ebc02b04456c19f341c0cb20b37004b641cfc49c3c1204b7003b0400ec19f341c0cb20437000be411fc49c3c1203bf032ce7039067fd27030c802bc02305c8ec19f341c0cb200af000c5640f0270d07830cc72b00831510fc49c3c120c3f10ac05045057fd27030c86cbc02305451c19f341c0c321b370043151cfc49c3c120437103309086e04f9a308aa24b7417c1e68f1b808174047fd27030c84cbc6c338cc6e04f1a0e0619a86c8388a5d018fc49c3c12003f10ac0202508fea4e1609061caf84ec28ea104c19f341c0c320caf000c5196e04f1a0e069985570086284bf0270d0783ccc20dc010250bfea4e1609021b80118a084c19f341c0c32043700039431f89386834166e0655ac99538f89386834106306d5039a7c4c19f341c0c3200af004acc80e04f1a0e06959c89ef2cce3020f893e6c456ab75adee22d8b1f10aa0a44c09fea4e16050b9f10aa0a44c09fea4e16050b971032829c3823f6938185452dc004ac8c0e04f1a0e0695143780123231f893868341e5c4cbb2923138f8938683412564db20339ec1c19f341c0c2a215e01948805c19f341c0c2a191bdf698c6541f0270d07834a86570025614bf0270d0783ca85570025614bf0270d0783ca851b40495816fc49c3c1a092e006500216067fd27030a824b80194808dc19f341c0c2a075e86696671f0270d07834ac0b541573a16077fd27030a8047805a09103c19f341c0cd2ccc5779ed27020f8938683419af10a401357823f693818a417af00347125f8938683417a7103d0c4b1e04f1a0e0669c20d400307833f693818a40937000d5c0cfea4e160901ebcec2a98c3c19f341c0cd2800761c11c0efea4e1609006bc022810077f527130a860fc4e54200efea4e26050c1780550100efecc0d07838ac52b808270f0676e3818542c6e0005e1e0cfbc7030a820dc000ac0c19f79e3605041b8011480833ff3c7c1a062f0322b671cfc59300e0615801b400e4646464e6d369bcb8410670a21de0fe00f74d764a87b88e8cb44f4644747c73ece07648f1bc03c3cfae8a39d711c9fda6c36974929972749b24c4a7936112d07b00cc07200670238596fa5d61a077010c05e00fb84107b9324d92da5dc9724c95ecff3f6799ef7444f4fcf98e63a8dc10d604aad565be279def2388e5f9cdc4288e54288654474362627f769e0a5bc098e62b249ecc654a320a27d5319837d711cef1d1d1d7d7ce3c68db1e63ab5b3be01ecd9b3a7323636b67c7a72cf98d4d3efda6763f25dbb5d6fa54c834398a5494caf28e2387eacbfbfff59dd45e6c9e80630f35d1bc0d9b34ceee9ff32b650d3ab8997340900bba75713cd66f3c981818109cd752e48291bc08e1d3b4ee8eaea5a9632b9cf02d0a6b752c65e7408c03e1c637fa2a3a363dfca952bf7092148739d2f51680388a2a8c3f3bcd7ccdc449be53afb7400a714591763057971135308b1fbe5971c9ee7ed03f0b8effb878b2a28b30690b28936fdaefd06f0261a63695eb19ac86b1333b501ecd9b3a7323e3efeea66b379bcebecb300742db618c6d89c35011cc071f6278e1c39f2d4c0c0c073c73bc84b1a40ad565b02e07d42880b89e85c21c4e9005e95d76fc018cbddb344f4b410621780873b3a3abeb972e5cafdd37ff9620368341aef27a2dbc0139e319b1d22a28f8461f85560aa01d4ebf5ab01dc85927e2ac018cb140921ae0d82e00e313c3cbc2c8ee3dd002abaab628c1566c2f3bc6ed96ab56e044f7ec65cd3de6ab5364b21c465ba2b618c6971b104708eee2a1863c513429c2b31994c628cb9e7800410e9ae8231563c221a9600bea8bb10c698165f94232323ff09e041dd9530c60af5dfa3a3a3f70a6032022c84781840a0b928c658fe1a4474511886872400846178a8d56abd05c0c39a0b638ce5eb471d1d1debc3303c04ccb835b7bfbfffd94aa5f2bb4288bbf5d5c618cb8b10e23fc6c6c62e9d7933d04beecdefeeee1e1f1e1e7e37802f145e1d632c4f5f7de69967fe68ddba754766fee1316ffea9d56a1f1742dc7abc9f618c959f10624b100437cdfa77c77b61ad56fb1321c41de067ef3166a29888ae0bc3f0981ff5a7bebb371a8d0d44f42d0027665a1a632c4fe352caab7ddfffb7e3fdd09c96f75114ad4d92641b80d764521a632c4f87a494eff07dfffb693f38a70774fabeff630017017862b19531c6f233f54cc04be632f981796ef04d3d3ce47e00ab16521c632c3f44140921ae544a3d39d7d7cceb11dd7d7d7dfb5aadd67a706088b1b2f9517b7bfbc5f399fcc0029ed13f1d1802b075beaf658ce5e2dfc7c6c62e5dc8d7a72fe84b3ababbbbc7474646de03e01f17f27ac65866beb27ffffeab5e1ef099ab45877c3830c4981604e06f9552372fe620994cda46a3710d11dd01fe8a6dc68a1013d15f8461f8a5c51e28b377ed7abd7e39806f033839ab6332c65ee10500ef524a6dcbe260992edba3285a3315187a6d96c7658c01000e0a21de1104c10fb23a60a6dfd4ebfbfe4f00bc19c063591e973186c789e8822c273f90d3c61d078618cb0e1145447445b55a7d2aeb6367ba0298d6d7d7b74f4af91600ff95c7f11973c8f79acde605794c7e20a7060000beef1f96526e00f0af799d8331cb7d676c6cec6d030303cfe57582dc3fbb2722d168346e03f091bccfc5982d88e8f34aa90f0921923ccf93db0a609a108294521f05b01993e105c6d8b111805bc230fc60de931f2838bdd768343611d197c18121c666130b213e1004c11d459db0f0f82e0786189bd5f3980cf8dc57e449b5e4f71b8dc6f944741f3830c41830f905bd1b94523b8a3e71ee7b00b30982e0a7980c0cfd5cc7f9192b0b21c42f922459a763f2039aefe08ba2e875711cdf2f84e8d75907639a349224b932afcff8e742cb0a609aeffbbff43cef22706088b967fbf8f8f8853a273f50927bf8a328ea4892e46b00fe58772d8c15e03b5d5d5def59b162c551dd8594a201002f0686b600b851772d8ce5e81f8220d85cc467fc73a1f51260a6a9c0d0c73019182ac5ff1cc63244006e2922dd371fa55901cc54afd7df0be04e706088d9a13515f0f9b2ee425eae940d00006ab5da5b8510f7800343cc6ccf13d1c6300cefd75dc86c4adb0000a05eaf0f00b80fc052ddb530b600da023e73559a3d80d928a50689e8cd001ed55d0b63f3b44767c067ae4abd02981645d1eb9224b90fc06addb5303607f5388eaf5cb56ad5d3ba0b496344030080288abae238be5b087185ee5a183b8eed954ae5f7bbbbbb7fa3bb90b928f525c04cbeef1ff63cef9d44f42fba6b61ec18beddd5d5f53653263f60d00a601a11897abdfe7742888fe9ae85b1193e1704c10d65fa8c7f2e8c6b00d3eaf5faf500fe1e06ad62989532f98a2e5d8c6d000050afd7af06f015706088e9d102f0e74aa93b7517b25046370000181a1aba4c4a790f80dfd15d0b73caf34474551886dfd55dc86218df00000e0cb1c21d20a20d6118fe5077218b65c5f5b3526a304992378103432c7f7be2385e67c3e4072c59014cabd7eba7617225709eee5a9895eaededed57f4f4f4ecd55d4856ac58014c534afd4a4a7909113da0bb166617227aa852a95c68d3e4072c6b00c06f034342887fd65d0bb3c6373dcfbbd2a480cf5c59750930131189288a6e25a28febae8519cdc880cf5c59db00a67160882d1011d15f8561b845772179b2be010040a3d1f84322fa06808aee5a98119a44f4be300cadbf8c74a20100401445972649f21d7060881ddf6129e555beef3bb191ec4c0300805aada6003c208458aebb16564abf4a92e46dd56af567ba0b298a530d000086868656789ef700119dabbb16562abb3dcfbba2afafcfa93099731b63d56a758fe779eb005891e46299184c92e4cdae4d7ec0c1060000bdbdbd079224b95c0861f48d1c6cf18410ff53a9542eab56abbfd65d8b0e4e360000a856abcf13d16774d7c1f422a22d36067ce6cad90600004288b5ba6b607ab93e069c6e0044e4f43f3e0388688dee1a7472ba0100385f77014c3ba7df049c6d008f3cf2c81b009ca6bb0ea6ddd2e1e1e1d7eb2e4217671b405b5b9bd39d9ffd561cc7ce8e05671b8010c2e96b3ff612ce8e05671b80eb9b3fecb75c7e3370b2016cdfbebd0d40bfee3a583910d1795363c2394e3680a54b972a0027e9ae8395c6894b972e0d7417a183930d208e6367977c6c76ae6e043ad9005cbee663b373754c38d9003801c866e1640370ee7900a3a3a3274f4c4c1c02e0e9ae85954a52a95496b8766390732b80388ecf074f7ef64a727c7cdcb92f9471b10138b9d463e99224716e6c38d7005cddec61e95c1c1bce350038bad9c3d211d19b74d75034a71ac0d0d0d019004ed75d072b2721c4f29d3b773a353e9c6a00524a7ef767c7e5799e5363c4a906e0e2351e9b1fd7c688530d8003402c8d6b63c49906404412c06add75b0d21bd8ba75ab333911671a40ad56eb037f2f204b77f2ca952b7b75175114671a8094d2a9a51d5b3897368b9d6900ae6deeb0457166ac38d3005cdbdc618be2cc5871e26ec0c1c1c1133b3b3b9f03e0e4639fd8bcc549929c52ad569fd75d48de9c5801b4b7b79f079efc6ceebcb6b636279e19e94403e00d40365f49923831669c6800bc01c816c08931e34403e0ef0060f3e5ca9b86f59b804343434ba594bfd25d0733d2eb9452568f1deb57006d6d6dcedde3cdb2e1c22ac0fa06e0e2639e58365c183bd637003814ea60d91242583f76ac6e004424000ce8ae83196bcdd45da4d6b2fa97abd7eb2b01bc4a771dcc58a7d46ab56edd45e4c9ea06c00120b6589ee7593d86ac6e00fcf93f5b2cdb3702ad6e007024cdc5f263fb4781d636803d7bf6540084baeb60c65bb563c78e13741791176b1bc0d8d8583f800edd7530e3b59f74d24955dd45e4c5da0660fbd28d15c7e647847103602c85cd81206b1b003f028c65c5e64f93acbc1b706464e4d456abf50c2cfdfdb242447b81c9efc4d35d4bc9515b5bdb6b7b7b7b0fe82e246b56ae00262626d68227fff134017cee84134ee86d369bdd006e017054734d6526262626ac5c0558f99c3cbefe3fae6d44747d1886bb67fcd9cdf57afd4e009f02f05e4d7595dad498faaeee3ab266e50a801bc0ac46a594572aa536bc6cf2030094524f2aa53601580f60a8f8f24acfca31655d0320224144e7ebaea3440e02d8bc7fff7ee5fbfe03693fac94fa5e1004ab8510d700f875fee51963edd4dda556b1ee178aa2e89c24491ed55d4709b484105f69369b9f58bd7af5330b3940ad565b22a5fc3811dd000e5501c0394aa9c774179125eb5600711c5bb9549b0f227a888856074170ed42273f008461782808829b92240901dc9f618946b2f1d2d2ba0660e33fd23cfc9c8836866178591886f5ac0e5aad567729a5de4e44970318ceeab8a6b1f1ce40eb1a00dc7c04d8f3006ea9542a41188677e77592300c1f1c1f1f5f05603380e7f23a4f59d99808b46a0f607070b07dea3b00adbd7beb6508c037a4941ff37dff97459e782a6cf54900d701f08a3cb74647a594a7f8bedfd45d4856ac5a0174767656e1cee4ff29115da094da54f4e40780dedede034aa9eb9324592384f8dfa2cfaf49258e63a5bb882c59d5006c5ca2cde26921c4354110ac0dc3f087ba8ba956ab3f0b82e02221c43b8410bfd05d4fde6c7bcc9c550dc0e69b36001c11426c696f6fef0d82e02e2104e92e68a62008ee3d7af4a84f44370138acbb9ebcd8b61168d51e40bd5e1f05b052771d39d89624c987aad5ea1edd85ccc5d0d0d01952ca4f03b81a968d3100a34aa95edd4564c59a7f9cc1c1c1533a3b3b0fc2a2550d113d02607318860febae6521a2285a1bc7f1ed965d9a51abd57a757f7fffb3ba0bc9823593a5b3b3730decf97d0e02d83c3a3a7abea9931f007cdfffb1526add54acd8962fd9149ee759f36533d6dc0d2884584b54aacbe2859800f08556abf537b6bcc308211200774551744f92241f057013804ecd652dcad48ae641dd7564c19a0660c106e08352cacdbeef47ba0bc983effb8701dc3c3c3cfccd24493e454457e9ae69a12c186b2fb2660fa05eafff12c069baeb588047017c5829b54d772145aad56a6f05f0592184afbb9605f8b552cac4b1f60a565c330f0f0fbf1ee64dfec3988cef2ad7263f30192b6e369bfd988c159b76b9b3348aa2b3741791052b1a401cc726ed322700be8ec95b4b6feeeeee1ed75d902e030303134aa9dba5946f04f03900b1ee9ae6cab031774c56340018f2b41622fab194729d526a9352ca965df145f37dffa052ea7a29e50000233ef5b0e5ae535b3601cbde8d9f1242fc7510045f2f5b82af4c7cdfdf09e0e246a3b181886e07b042774dc7624bb6c1f815c0d6ad5b3d00fdbaeb38861784105ba494a58cef96551004f78e8d8d4dc78ac774d7331b223a6ffbf6edc6bf811aff29401445ab92247944771db3d8e679de07fbfafa1ed75d88c976eedc79bae779b7a284b16221c4aa20088c7e80aaf12b80126ec6fc4c4af916a5d4069efc8bb76ad5aaa795529ba696dcdaef7e9c294992b28dbd7933be01946833e60080cd2323236b7cdfffbeee626c1304c14f8320b8602a565cf8f30f6653a2b1b760c65fc340ff27001300be303e3efec9818101e71e9355a4a93d94bb868686be2da5bc11fa63c5bac7dea295ea9a6abe4647474f9e989838047d8fa47a504a79bdeffbce3e2853a7288ace21a24f6b8c1527954a65497777f76f349d7fd18cbe0468b55a03d033f97711d1db955297f3e4d7c7f7fd9f0741b0514a791980cc9e823c0ff2e8d1a3ab359c37334637000d4f67394444374929c3300c9d7f4e7e59f8beffd0fefdfb5713d1b50016fc3d080b61fa3e80d10da0c0fff90980af2749d21386e1169b9e0a6b8bf5ebd7b7c230fc9294b20793b1e25611e735fdce40a3f700eaf5fa53004ecff934db016c564ad5723e0fcb50ad56eb01f01921c415399fea29a5d499399f2337c63680d1d1d1e51313134fe7788a2785109f0882e0ae1ccfc17236152bfe2c80b3f33a471cc767ac5ab52acfb1981b632f01262626de94d3a15f00704b5757d7b93cf9cd1704c1bd52ca5e4cde769ccb6ebde779c65e0618db0000f4647c3c0270577b7b7bb752eae6152b561ccdf8f84c13dff79b4aa9dbdbdbdb7b31792b76d6f76418fb9460631b0011bd36c3c30d02b85029754d4f4fcfde0c8fcb4aa4a7a767af526a1326033c3b323cf4920c8f5528631b8094f2400687d94744d70641b0562995e5806025a6941a0c82e04222da08e089c51e8f88f667509616c6360021c46226ec5100b74a29cf0dc3f04b534fae650e1142501886774b297d00b762724c2c081119fbe661eca70044241b8dc64f009c37cf976e23a2ebc330dc9d475dcc4cf57afd4c009f02f0def9bc8e881e514a0d98fa2662f20a2001f0210047e6f892ba94f232a5d4069efcece594524f2aa536cd33567c04c075a64e7ec0e00600004aa91d49926cc0f13fde392084b86e6464a4dff7fd878aaa8d99693a562c84b80e93b7781fcb7349926c28c337342f86b1970033eddab5eb35e3e3e3370a217e0f931f0f3631f9bcfdafb55aad3b6df9961d56ac5aadb64408f1a70036013817403b118d4a29b7799e775b6f6f6f161bd12c4b511475e8ae81d989c716638c31c618638c31c61863cc38ff0fd757a311f36d9d130000000049454e44ae426082, '25 rue la porte 75000 Paris', '', '', '1989-01-01', 'Actif', 'Administrateur'),
(5, 'Toto', '', '', 'totosjkhfoehfezhfi@mail.com', '', '', NULL, '', '', '', NULL, 'Suspendu', 'Employé'),
(6, 'Tata', '', '', 'lhqsufhqzifdhqeao', '', '', NULL, '', '', '', NULL, 'Inactif', 'Employé'),
(7, 'Tutu', '', '', 'slkjfleqjflqiejfmozqd', '', '', NULL, '', '', '', NULL, 'Suspendu', 'Employé'),
(8, 'Tete', '', '', 'slhfqehfqiejfozejr', '', '', NULL, '', '', '', NULL, 'Inactif', 'Employé');

--
-- Index pour les tables déchargées
--

--
-- Index pour la table `allergene`
--
ALTER TABLE `allergene`
  ADD PRIMARY KEY (`Allergene_Id`);

--
-- Index pour la table `avis`
--
ALTER TABLE `avis`
  ADD PRIMARY KEY (`Avis_Id`),
  ADD KEY `FK_Utilisateur_Avis_Soumis` (`Soumis_par`),
  ADD KEY `FK_Utilisateur_Avis_Valide_Refuse` (`Valide_refuse_par`),
  ADD KEY `FK_Commande_Avis` (`Commande`);

--
-- Index pour la table `commande`
--
ALTER TABLE `commande`
  ADD PRIMARY KEY (`Numero_commande`),
  ADD KEY `FK_Utilisateur_Command` (`Utilisateur_Id`),
  ADD KEY `FK_Command_Menu` (`Menu_Id`),
  ADD KEY `FK_Entree_Id` (`Entree_Id`),
  ADD KEY `FK_Plat_Id` (`Plat_Id`),
  ADD KEY `FK_Dessert_Id` (`Dessert_Id`);

--
-- Index pour la table `composition`
--
ALTER TABLE `composition`
  ADD KEY `FK_Menu_composition` (`Menu_Id`),
  ADD KEY `FK_Produit_composition` (`Produit_Id`);

--
-- Index pour la table `horaire`
--
ALTER TABLE `horaire`
  ADD PRIMARY KEY (`Horaire_Id`);

--
-- Index pour la table `menu`
--
ALTER TABLE `menu`
  ADD PRIMARY KEY (`Menu_Id`);

--
-- Index pour la table `nouveau_mot_de_passe`
--
ALTER TABLE `nouveau_mot_de_passe`
  ADD PRIMARY KEY (`Id`),
  ADD KEY `FK_Utilisateur_mot_passe` (`Utilisateur_Id`);

--
-- Index pour la table `produit`
--
ALTER TABLE `produit`
  ADD PRIMARY KEY (`Produit_Id`);

--
-- Index pour la table `produit_allergene`
--
ALTER TABLE `produit_allergene`
  ADD KEY `FK_PA_produit` (`Produit_Id`),
  ADD KEY `FK_PA_allergene` (`Allergene_Id`);

--
-- Index pour la table `suivi`
--
ALTER TABLE `suivi`
  ADD PRIMARY KEY (`Suivi_Id`),
  ADD KEY `FK_Suivi_Commande` (`Numero_commande`);

--
-- Index pour la table `utilisateur`
--
ALTER TABLE `utilisateur`
  ADD PRIMARY KEY (`Utilisateur_Id`);

--
-- AUTO_INCREMENT pour les tables déchargées
--

--
-- AUTO_INCREMENT pour la table `allergene`
--
ALTER TABLE `allergene`
  MODIFY `Allergene_Id` int(11) NOT NULL AUTO_INCREMENT, AUTO_INCREMENT=6;

--
-- AUTO_INCREMENT pour la table `avis`
--
ALTER TABLE `avis`
  MODIFY `Avis_Id` int(11) NOT NULL AUTO_INCREMENT, AUTO_INCREMENT=12;

--
-- AUTO_INCREMENT pour la table `commande`
--
ALTER TABLE `commande`
  MODIFY `Numero_commande` int(11) NOT NULL AUTO_INCREMENT, AUTO_INCREMENT=35;

--
-- AUTO_INCREMENT pour la table `horaire`
--
ALTER TABLE `horaire`
  MODIFY `Horaire_Id` int(11) NOT NULL AUTO_INCREMENT, AUTO_INCREMENT=8;

--
-- AUTO_INCREMENT pour la table `menu`
--
ALTER TABLE `menu`
  MODIFY `Menu_Id` int(11) NOT NULL AUTO_INCREMENT, AUTO_INCREMENT=7;

--
-- AUTO_INCREMENT pour la table `nouveau_mot_de_passe`
--
ALTER TABLE `nouveau_mot_de_passe`
  MODIFY `Id` int(11) NOT NULL AUTO_INCREMENT, AUTO_INCREMENT=19;

--
-- AUTO_INCREMENT pour la table `produit`
--
ALTER TABLE `produit`
  MODIFY `Produit_Id` int(11) NOT NULL AUTO_INCREMENT, AUTO_INCREMENT=18;

--
-- AUTO_INCREMENT pour la table `suivi`
--
ALTER TABLE `suivi`
  MODIFY `Suivi_Id` int(11) NOT NULL AUTO_INCREMENT, AUTO_INCREMENT=35;

--
-- AUTO_INCREMENT pour la table `utilisateur`
--
ALTER TABLE `utilisateur`
  MODIFY `Utilisateur_Id` int(11) NOT NULL AUTO_INCREMENT, AUTO_INCREMENT=9;

--
-- Contraintes pour les tables déchargées
--

--
-- Contraintes pour la table `avis`
--
ALTER TABLE `avis`
  ADD CONSTRAINT `FK_Commande_Avis` FOREIGN KEY (`Commande`) REFERENCES `commande` (`Numero_commande`),
  ADD CONSTRAINT `FK_Utilisateur_Avis_Soumis` FOREIGN KEY (`Soumis_par`) REFERENCES `utilisateur` (`Utilisateur_Id`),
  ADD CONSTRAINT `FK_Utilisateur_Avis_Valide_Refuse` FOREIGN KEY (`Valide_refuse_par`) REFERENCES `utilisateur` (`Utilisateur_Id`);

--
-- Contraintes pour la table `commande`
--
ALTER TABLE `commande`
  ADD CONSTRAINT `FK_Command_Menu` FOREIGN KEY (`Menu_Id`) REFERENCES `menu` (`Menu_Id`),
  ADD CONSTRAINT `FK_Dessert_Id` FOREIGN KEY (`Dessert_Id`) REFERENCES `produit` (`Produit_Id`),
  ADD CONSTRAINT `FK_Entree_Id` FOREIGN KEY (`Entree_Id`) REFERENCES `produit` (`Produit_Id`),
  ADD CONSTRAINT `FK_Plat_Id` FOREIGN KEY (`Plat_Id`) REFERENCES `produit` (`Produit_Id`),
  ADD CONSTRAINT `FK_Utilisateur_Command` FOREIGN KEY (`Utilisateur_Id`) REFERENCES `utilisateur` (`Utilisateur_Id`);

--
-- Contraintes pour la table `composition`
--
ALTER TABLE `composition`
  ADD CONSTRAINT `FK_Menu_composition` FOREIGN KEY (`Menu_Id`) REFERENCES `menu` (`Menu_Id`),
  ADD CONSTRAINT `FK_Produit_composition` FOREIGN KEY (`Produit_Id`) REFERENCES `produit` (`Produit_Id`);

--
-- Contraintes pour la table `nouveau_mot_de_passe`
--
ALTER TABLE `nouveau_mot_de_passe`
  ADD CONSTRAINT `FK_Utilisateur_mot_passe` FOREIGN KEY (`Utilisateur_Id`) REFERENCES `utilisateur` (`Utilisateur_Id`);

--
-- Contraintes pour la table `produit_allergene`
--
ALTER TABLE `produit_allergene`
  ADD CONSTRAINT `FK_PA_allergene` FOREIGN KEY (`Allergene_Id`) REFERENCES `allergene` (`Allergene_Id`),
  ADD CONSTRAINT `FK_PA_produit` FOREIGN KEY (`Produit_Id`) REFERENCES `produit` (`Produit_Id`);

--
-- Contraintes pour la table `suivi`
--
ALTER TABLE `suivi`
  ADD CONSTRAINT `FK_Suivi_Commande` FOREIGN KEY (`Numero_commande`) REFERENCES `commande` (`Numero_commande`);
COMMIT;

/*!40101 SET CHARACTER_SET_CLIENT=@OLD_CHARACTER_SET_CLIENT */;
/*!40101 SET CHARACTER_SET_RESULTS=@OLD_CHARACTER_SET_RESULTS */;
/*!40101 SET COLLATION_CONNECTION=@OLD_COLLATION_CONNECTION */;
